temperature,humidity,pressure,wind_speed,cloud_cover,future_temperature
34.76659355379083,52.292123932998884,996.5781934662617,14.671833741357295,42.96290959984418,33.96637168128577
24.044110072065674,54.339151983362974,1007.7530998123465,11.626376089000425,96.6743190512804,21.15036339671242
37.47513343716424,33.83098273541256,1010.7399197053244,19.604281418111224,97.97738744497416,35.57858128410332
32.31577692989964,51.819771091765425,1001.373541951155,7.681143473716557,12.92510889476195,31.995755647423323
13.013675132404785,84.03859699773558,1008.2549407057464,18.903218335234985,36.771380483246766,13.608231229893498
41.21991525237619,35.55317490005823,993.6004559932409,15.769484975487577,60.03214700466446,40.473971572075804
34.356470463691295,34.891971146978044,1020.6891559554753,11.915790560707375,8.483780958144438,33.34138776932888
35.15405776886252,33.14454930483473,1001.8654690272261,9.795443514699983,38.2655503814137,32.45130667225277
14.099636245617468,63.138436226364746,1026.2826014830066,28.986674311119586,26.117208401659077,13.419149322925142
24.41235001265815,45.46111557813064,1007.7077310847429,6.280939444805444,95.2050220966704,22.531550456813537
21.8655367754426,64.17085455118493,1017.2524820885926,14.085532238778903,41.15858228314705,20.823610729246155
39.65647964315526,46.49845589108908,1007.5202741790796,6.748466508305072,76.26708585475124,39.68197126842717
30.603683842581265,50.51733213285869,1007.7233055096552,24.499345240349143,38.67053635121738,28.732944134703633
36.32837162466656,24.24054308553067,1002.7437360010019,18.207784301594426,13.181207041883546,36.87886103398925
24.189254362474596,58.39949749173545,1009.0721153642965,7.251550848111991,86.31515301608475,24.803778369806285
17.27163909711286,68.6537313361255,1010.8619882497264,15.588164954018598,0.04169169031038589,18.13506684715676
27.746713184506714,71.53525588426878,1000.9416734197633,13.803870048935888,5.594087397445002,26.91479232935062
12.04215219533361,65.88177601340982,1006.874600257261,8.383626666176829,36.43844058970432,9.141867124844769
36.48419750376263,38.97249279875062,1002.509110205486,17.307149520597214,68.68982555187365,36.43448626565809
30.213260771906075,64.83759332509271,1028.6969766265336,14.725137737730872,34.17042952907757,29.193370863073923
34.25880768273196,48.92455559081104,1007.1924230707955,13.509890997201666,6.631281762097496,32.91819638094383
21.344830980155788,68.55649966690551,1021.907089365269,11.706562021303698,31.784003373414883,22.013143999686285
41.062336780636905,36.37628716426752,1006.2393990227308,15.017381448197558,24.498085899016232,39.060204440038895
38.579875882310326,41.698728279908146,1010.3335887738142,13.605713630447216,0.5419799818197957,37.405275567217515
34.90827190636038,50.60388197800573,996.1077233551925,12.413653331175121,53.480191318040184,34.97925901978154
16.228438651262962,64.99287340452658,1003.9763466731893,7.512888588087056,11.664591474418607,15.007557862598055
24.935072119265094,65.86861405833122,1009.8948120371032,23.85636368533745,28.74962887966661,24.23468186500421
11.40172050519132,67.48348113238828,1022.2740344786388,4.647060396560171,64.11898302224145,11.668106064039723
14.93726374616153,75.96791135071808,1009.9978449990864,14.993453532158215,72.51156888229772,14.504848857140395
31.857566503758548,50.23645627584072,1020.453483250737,9.75831480388997,26.345562685602253,32.307721182369946
33.832388989050145,41.01269126034043,1013.7665619918263,24.316830886145098,32.9193671065234,33.80846406922305
40.96031143789472,35.42606621244749,1022.6466120551821,5.675622239433116,24.690923812746522,39.569165386517724
20.426411460420862,60.401382161065335,1007.4686200442545,6.853157167677676,95.6888600316192,16.50433151187209
21.854710593115804,54.73705902508813,1029.5120043958661,5.211273557167223,19.051972698740283,19.445863564215433
25.025785960825853,55.88369242389336,1003.6314341737728,14.264255356654271,18.31806036336763,25.640205689422334
16.063083490697142,62.87661985551585,1001.101843492221,2.388645383019508,44.5035295831532,14.06409478862277
14.157488170735093,77.0540218651801,997.1095243527986,8.650300536695635,18.930635920056915,14.315101218011097
25.22255763922988,49.22660746989777,1028.9792220440227,0.0,15.670845628560814,24.56207664332064
17.26109916962829,75.66722238796739,1015.3750281535611,13.682949478896633,9.587953770108548,18.92179004300521
31.43404782984033,39.96879810330096,1004.9929133995772,8.498495988706162,64.01712481082494,29.552313752165745
23.988861403914584,55.6857916396758,1019.2412042718614,1.5836027924770288,61.208225490189605,22.077375238344715
36.6457022738508,36.866904437194904,1014.18922966606,19.59926582081841,65.01628918779663,34.77983467164569
32.408483264071975,58.60887309809435,1025.6951472423802,2.8463317113054245,77.33000080093963,31.321276521398378
19.995732524225314,68.64850740480603,994.0695045053408,17.578605830197507,32.63580127925758,19.93137183848858
36.63231364464643,40.189274794907526,1005.6117590251718,7.092714232085369,91.84237336119216,36.37497863078923
35.75245943989766,47.14868934070618,1003.8373075445146,23.210999645267982,73.3204611068756,33.445254782825806
22.399308128965583,45.6634644343624,990.2368559123225,17.24685377248302,80.47085885811869,21.65570422874609
19.22649932576781,66.7765072605094,1017.5429448430173,4.943664903881803,72.09621638267112,18.767023625209436
31.839856127199216,64.81232203799924,1005.5664309977698,5.580422134527856,35.84556454325618,31.15946534839965
14.472079475497914,75.07425681174941,1014.656680844879,16.23867643657017,28.303248806263493,15.116668828559419
16.397062479203466,71.76756475850966,1029.2379474089664,10.163353085028833,42.25170695790141,15.561712849317866
10.235592632032176,84.54341772069091,1004.8208067735516,10.81460245085044,9.703036053335845,11.720965417002533
35.18158008006843,51.151550830415545,1004.2096231560856,20.905672032404684,45.12805015659471,34.533118271562
31.27522741094503,33.67118671101083,1009.067977527516,6.7591778864103045,4.314098309523984,30.98287896937224
32.56529211604273,34.321714577409836,1016.8852261768507,12.639056405228182,0.3945960027194495,30.746243788742234
34.98332899270297,45.95650328926987,1002.8995827722086,18.68239455556614,93.14989394746928,32.72474830230813
24.68530481722688,53.487295519840956,1002.3213456258109,17.6638224186992,68.93368605878929,25.170362847991996
28.1997182704926,64.60661060554504,1017.5147034321723,10.882711327355292,56.18469470659689,27.999376308558038
14.473503940085038,71.49202416779491,1011.4077539145424,9.977658834031391,34.11020394230578,12.95005465148381
13.66496235315115,59.70955870222589,989.5974456329566,0.0,57.053801468507416,13.959181215517027
31.388894777295093,39.34199123817014,996.971473804778,4.6062850513436295,89.15757763383317,27.38210764830942
25.07507859658024,36.643727877914046,1021.5111227744449,14.228514586023135,65.23801339438646,22.415584876702166
28.087555407398042,52.40004036100954,1011.6173545477093,11.034824677404346,60.24819979535042,28.12757697745986
34.47996343731282,43.49697999778135,1001.1402366206647,12.524489549963585,46.020450297167805,33.50461873361534
30.310986240018906,47.65336827371741,1006.4663130848852,19.27477526743842,34.5697030650858,29.560712300895176
27.714540821055866,63.4449481217069,1008.119130055215,3.6887382365640793,69.85471139217118,23.397183651377556
27.894629143853233,64.14094643354636,1014.6216002425215,10.34673788437145,98.09809410158142,26.057274043302595
19.72640313800359,65.0336080630459,995.7756294462708,13.320976743878525,42.47576935205901,20.061536163938392
10.986170706174061,61.992503136232756,1000.4314577519659,7.070880436978388,39.220520401420075,11.386308021056427
23.974956455435596,65.17456578355646,1010.4566017937705,22.020339797491918,42.81134723650425,24.388064107650873
16.866709530224934,74.98615300924246,1007.1014887755409,18.360107611292033,42.55439680497215,16.304367247521025
23.072916599188357,64.01940349243245,1013.1467326437304,14.030933289621288,99.06247733684951,21.47817254156425
37.308898344581316,48.75393539482202,996.9344334237636,24.559622455300104,70.67782575093406,34.65129353112169
17.486063547690904,60.326583084159864,1011.2141580864419,1.5077330427290043,35.91844492105917,16.803146210939765
11.865687734050113,93.86479587510846,1017.8242525743973,11.945916032260227,37.15023738267226,10.318739378773811
19.00428454470389,59.768365385044426,1012.3813669243435,14.564358782538427,43.079692474405576,15.973586925432919
19.395000248533876,72.87103305723272,1009.2520056578543,5.598114672442545,3.6712187580449696,18.3509199436066
31.181328471260642,36.288292161365256,1007.1370475769063,14.1050017927241,52.781640202125004,31.666891284773286
27.825028874920907,47.21159063320428,1000.4863396250565,4.253922543484853,81.13809515227646,26.51839556444806
35.08474269140523,56.25807227126511,1007.3520126680419,16.83390122791977,66.05677932075106,34.30703531648186
31.2580332904764,47.58865314480242,1019.3373526759236,19.404843376902345,19.84208467615416,29.47235457710338
23.004379566082257,68.36303047024312,1006.9287434405989,13.906333807898298,72.803424137837,20.103332985878886
36.04865230931311,44.625097261249955,999.9917640958643,0.0,71.94586063320303,36.329553419806324
15.343133437046525,71.91279126828115,1003.5697762011115,5.232445351837758,26.253921564899706,12.90514220877607
10.726786340283535,90.35696240605039,1009.8076526754834,15.952970022492126,62.28746568569351,9.847088296009705
12.881531544820536,74.42850866279502,1004.6383740253724,12.14839050458656,61.094903312193615,12.467553444653424
33.11549921908641,32.736621271816944,1012.3677295475683,0.0,83.97876238561815,31.67488664020535
24.780071368044396,52.64297578072198,1012.7055938467413,20.69981268707768,13.607231183344126,23.14880304992433
15.160696929075257,77.42652328245443,1016.0008486236418,12.956595543776826,19.483850451152275,12.768751604441375
26.033432803307633,60.41559528610399,1020.8120352503853,6.266477351999685,48.596950376780526,24.063129504036866
14.87398728682139,60.896252432225474,1016.9627285193512,18.96468918296665,4.414514889230703,13.414849930341973
32.28225200248755,42.39599444112744,999.5918484226684,7.257219909651708,41.559419760170655,30.70438197904047
24.277000818368982,55.144578019747,999.8681899808136,7.180835176770497,78.82190419997232,24.654181044201767
22.19267923508744,59.896858356209414,1007.3180567118616,14.508468557098254,14.871439398399822,20.443035668501985
19.64838685273205,55.50253035472611,1003.9394217848453,24.467269214696064,45.99487369365248,19.171896148268043
30.16904297980443,46.22791881432775,997.7550594573515,23.365110245810204,98.97692333824446,28.8899752493333
21.578003537708494,57.88301098824646,1004.0247738524431,14.517980492328746,50.592001342486434,22.073330155573398
12.804797418115232,82.60530982182826,1003.7293835974286,15.236699611952238,49.83238241220905,12.61239430970497
13.77618886785649,81.49749662953005,1001.9533703421491,17.540492524593773,55.87935837241681,14.613334316344904
40.780725265584465,34.701464700192,1005.157894624605,3.201114272414557,18.60043703327412,39.88524610421243
39.074582102643426,35.20553758420118,1018.6060576528649,16.509038360063876,14.716388268594427,38.25602020659565
32.39062828194399,49.152983487494126,1009.7931423712431,6.861485722995303,67.73546291151085,29.4418312834891
18.507838766704626,61.63103292863369,1030.2462816844993,14.229346467576065,39.57668099057702,13.998012631110367
41.01364407512716,26.355559433726093,1009.5345736741768,10.40772660674864,28.990662821547573,40.1616521738731
34.92002892690543,36.84418838458139,1005.3894080345648,15.508458289799501,3.1391619919897584,34.758101913437
32.94048605308786,42.15778991125096,1008.0371959438938,12.826724255045221,84.60504971784825,31.94259010941011
24.379568068601237,50.341835902190034,1010.3084278059919,0.0,3.2328865844832744,23.51360533622686
18.71172997904509,69.16446800288762,1011.9172856145395,13.252241981936264,74.99831240833194,19.577883280686006
13.084510788911977,81.8651847463473,1026.6904019327312,16.49507066609484,38.198855899858096,11.794825418252639
38.88327668940293,25.922462393979814,1000.3921158152019,15.121498438369176,59.86878105046502,37.93705667483098
24.584841274675554,59.55300984144871,1015.7314145235996,11.281898376539942,24.767800069016232,24.641342710784766
16.47562767344737,69.35085351137063,1009.8697553785271,23.495131843512844,15.539966623207313,18.2220537920204
19.79061197282088,69.03568212370415,993.8601203168645,14.179611903851628,53.33880008349474,19.360665655804162
28.53502620614067,53.52070185626732,1014.9362890388529,15.063713101351745,69.56176949541437,26.365554078943212
15.656729054055415,60.668948632166604,1019.4086120472351,19.311443258353982,19.549329494514655,13.019178954323415
37.41165709095601,30.653982827256463,1000.2854123660031,14.538150997876192,43.63589474325642,38.15054018194144
34.27262495472672,45.54008242032604,1007.9195951889723,5.713875726100575,44.46549702913957,33.908198544659605
33.022814590429974,55.347166201840615,992.4718116419307,0.0,21.59791490794628,33.85947868618623
23.82697727280332,42.73738398609116,996.6707418628409,8.66015368587343,56.504944625213106,26.82303889499659
30.073882902478182,54.15868242981928,1017.4322661985552,17.326618681167815,14.593568678170065,29.625772375298734
28.69113500520754,62.91483028475022,1003.802251445933,9.528325680075358,50.974917331858,26.689932405374947
30.79509124975424,49.12291067820665,998.0207732255576,17.608248605972108,11.34315113659995,30.309286375276617
12.70221827647645,80.98340346732067,1010.0651432801259,13.041097231441912,48.55424088551374,11.29239381694456
23.305836869459508,55.58198389210129,1003.2982881171208,21.01646249183529,31.159905487555683,22.25768911845978
11.33165356358056,77.61417273859317,1003.7626050800202,9.933483050155372,45.2246292081535,10.840710935538516
25.807706215824606,44.61151784058911,1014.6539342310741,15.273303785973816,43.374935944317414,23.81525849499194
20.55555879464913,46.439693280407774,997.5443997695909,15.541195451747514,90.79331228185929,17.6662968627834
14.6247740437135,81.33620404641763,999.8517130858635,22.511213108418353,48.99355999564627,16.486246591376187
13.308894967121653,67.82214287587807,1009.3867199293398,0.05353885566005445,81.84989038768744,12.95636861076365
28.804626309686785,49.589069090926714,1016.7246881167339,8.791142078127898,22.565239291171522,27.66439908233362
15.458974993180355,61.492948233726935,1019.1434427134086,17.93961273771953,35.20827946342588,15.395031216633058
39.60384378805751,26.294668882645603,1002.0144445167454,22.821275358450535,7.508938063319093,39.1600954686449
28.59395647041264,52.14806151714474,1016.4363927022769,13.680500588494562,42.07477948214936,27.80706677867333
21.099833745114786,58.568623516498384,1000.9427193587663,9.951070849049591,66.86998870749309,21.276492703017805
28.909295727405336,56.10528917921985,1024.4358841221613,17.299828580721112,83.81670341093962,27.205196349736323
10.72972387295032,83.06220773605877,997.7960607712224,18.080918726621782,56.59149117991552,11.588128256510736
40.67389482372625,38.589649676193794,1019.9563092971256,9.48236824932885,64.00726695930786,39.810130169285415
25.433709982172807,60.029926853276976,1002.0916250386315,14.312151185242824,17.726707761694815,25.491174544717285
35.04752727200916,56.80323109504181,1026.1192180931514,20.263690836883786,3.7206038233439376,33.78456834298553
12.647359997518034,68.12057785123977,1013.3218865596724,25.233212952921164,79.1688145177316,13.221362168589824
25.57306658682113,57.47957451948602,998.855851235326,17.198234714647043,16.703820744128638,24.871605235050563
25.70262381934467,66.79271402610694,1003.2998536841175,12.308972276659151,9.116953553275241,26.300558167946882
40.01044655919945,47.101170963865094,1015.0306308470136,11.621473767734642,93.75623209065952,38.72933253363034
28.295297676034412,42.59770917499352,1017.47379975854,15.90177590035536,96.35213640591765,25.479730388066578
25.151660833822522,56.03124825771038,1007.3635596744798,11.190290102643848,61.62572916024946,23.28939661751411
18.543221218940594,78.97729799947422,1008.4019245286712,13.327483493156718,37.86372726872934,18.009704455278563
20.61020791496167,69.1798313648981,1014.8251772937966,4.594866148283876,83.32395409640519,19.052567230164538
26.66151687908921,57.902904777158824,1009.1861858430974,21.079400375438112,20.471995933541244,24.317723162082753
24.045166729761494,58.39303069436858,996.3584562659546,4.018706909959251,42.939232742968194,23.16804491149428
10.691586556170574,76.4267920878907,1000.6832337782383,8.975217676828912,35.70172990006017,11.212836080707332
36.44134157421945,44.46580722210439,1010.116079488365,12.683152825962697,91.26999907416817,36.29951953390026
38.67714469887254,36.89914718675895,1018.9393417484793,25.936908159220472,91.97774153622737,36.93641877425241
14.487970847955545,73.6518133021089,1022.5438418174584,9.041219106033708,65.08859263236664,10.38198526335593
27.72915659324958,55.4215125887084,1015.015764786943,7.337889302277226,11.074014027269186,27.99873692236486
13.474423716334194,70.03751338336743,1010.5856168493273,8.144281578663444,48.21927896583025,12.364854402111158
31.511682977273974,53.56509467400424,1014.7393249738423,23.61228017327919,24.532836622405675,31.06421497707702
18.999481082848266,90.76470961719338,1001.9992423481383,0.0,88.49156631844819,19.024764234219127
31.101524310140856,35.68689663568716,1006.620921357676,4.9808339149598915,13.840279901620189,30.18000095792146
33.263827657180244,49.35955009060849,1000.5828235079447,31.119020964116864,5.431027586070735,32.634420004725875
34.59671974136502,38.75323566606948,996.7613165036306,16.136174514441457,70.44290335500783,33.421229403945915
13.44771027058869,80.1200407278004,1011.0019411047258,4.25810535462546,45.32860749681529,14.963340130281548
39.31237904440346,38.36951017223788,1009.6696197592627,11.7065741247766,83.83648876030844,37.59783168326342
17.366847708636186,75.91290901481723,1014.1888723605812,12.472181962475032,7.462963116931176,18.661648428475996
11.197201797637753,88.16811000549549,1012.9150064780321,17.922876721339243,80.10761326078425,11.69836321994529
27.755279020527468,56.29421436238062,1010.1837984419147,24.876514019757945,3.7334752844158325,28.01907713545172
21.86951308359804,72.34562433609626,1013.009549991098,14.719861768954509,2.807001191395697,19.685235332018472
36.553271780237225,23.243372768346607,1007.6158521339527,8.221481878909275,46.131575173102966,36.411194886253874
35.864047106057654,55.72075007954459,1011.7160225570016,17.50959109468743,22.12912896806518,34.62180132826735
20.14844457032689,68.78525258816472,1001.4647003758228,7.112231121959972,59.37187070065306,20.74020150056382
40.492780642231835,44.90821491472529,1011.3273533307522,4.766637528076794,2.5816994211470434,38.840209380076
19.309370820483796,57.242406351566316,1014.0157591675741,0.0,3.538954236297853,17.690323105608382
26.481828135414865,49.95519015080576,1001.9728671473501,1.0441012384971948,72.71484961719405,28.046952005525917
18.190882898163288,69.79072615082143,1008.4664888909356,5.7248839071300965,21.016516249231167,17.040698155226224
39.953394241566826,36.931275235028394,1002.3875774133357,3.755471626093902,65.64171236607336,40.21813984217531
15.26745016262458,75.12674596827426,1003.2614397313549,14.19265569162302,74.99221615007585,14.923198410707716
11.437139820554528,87.09226854763567,997.8756358040806,3.6041872192317523,5.933116572496743,11.953582442254259
23.923105920097214,46.18973389343625,1019.391974326499,0.0,76.97539544642392,22.326630759452318
41.75601804978679,42.24432640154763,1017.5911665724805,4.69261757787374,26.842121796128605,39.13354940599582
38.533672520157246,39.19243012543541,1012.836904688046,8.696982465950065,38.95459581997483,37.32868551945364
33.95545662262238,44.13433300820117,1025.7497635674943,7.761853584896242,8.663919229531668,31.51960445100744
38.50535970811279,27.39830654815733,1006.2967887308845,22.63667275516429,83.86299833648528,35.9865811234282
38.59029247033162,43.06846526503407,1035.2858617359957,7.705202084975949,56.0728786325764,37.635790236840634
26.60346753236637,37.112109269820465,1005.9522352617311,18.166464242394383,50.46652778471722,25.600376152040777
20.109729658585376,71.02804408496091,1010.2967401658042,11.867121802233967,96.85548109027556,17.275566290726108
34.70439782755162,32.741776466266224,1004.4199987745382,11.703866920291809,33.45057599406708,34.68295151790202
31.173160421368355,50.226580689955675,1011.3509300405427,6.152337978063741,89.07792864766961,29.7483454455301
21.957047323958722,62.208930681636495,1015.5205343509762,11.58852143893463,71.96878810646042,20.151210723445914
13.022933377968489,85.47305178029676,1006.9747524625222,6.6443271117180815,92.8528135852239,13.482823249944733
33.89726756316883,44.41972068129407,1023.9904786240586,13.190170199781994,90.78020527624598,31.545660097075704
18.39873650953167,62.768723572013755,1010.1523435617012,10.346252571634183,99.10298050260697,15.743360653964917
39.97802081708093,32.97904824746303,1010.4343684749917,5.387604467658798,13.167675203715756,41.30467679751988
17.711058400181912,79.50202746977354,999.8190207493766,18.943260377904167,79.6016392091595,17.293000071916694
13.928253837167553,79.0944076895542,1011.7664916709534,14.987883360149977,80.44943549475032,13.065949449124673
36.59560550799699,38.85133216121907,1006.7937550127157,8.863560861004263,64.43735281784868,34.815188851193454
14.90509813198381,71.49603634890737,1002.5258424359644,13.01845132924717,27.8860958238202,16.356088168984556
15.73658586104765,59.64453377679734,1001.0117303266647,11.413242349486254,96.51482716283151,14.103818146019139
29.180249328666992,55.79643208024519,1032.0458704178102,5.926863439157083,20.442213789020958,26.15258872810276
37.98598530679887,25.841795643577925,1005.6287047483887,12.493473603148146,49.9575378358439,35.70123935853274
16.285909302866344,77.39980323752745,994.8871312129686,7.652917716348378,52.14871128191862,18.133447257619085
19.930357532803033,67.12995431736573,1001.7160068624069,5.385463150659305,16.182934483603884,21.16097119378636
34.87695482371768,63.524029902200745,1007.535889444714,0.6406286881343259,72.25288223332409,33.92171475432957
41.09844563395096,26.606169400976665,1012.9200032935483,9.489748525229585,8.886716418023976,41.58684985319933
26.023717958474954,56.44431223188625,1012.9931686955279,15.968794617086065,69.30977788467109,25.663439896791292
14.604720081640025,88.20945748900647,1014.0895309659887,7.137384526347983,84.86154962906369,13.755104181671024
10.44596120666245,89.38447337267075,1002.196257240264,29.644960845105786,34.939642508239956,10.356727206137899
17.34899295996337,64.27426379541392,1011.0639639915139,18.199799575569127,70.94208085992003,16.689890730800965
14.218310969168673,76.175188521693,1000.1154648230048,21.130310928623345,15.677400814784981,13.456910667316611
31.68507755561144,49.07263239568411,1002.4232131528739,17.56670108451631,84.59490014528787,30.406147562499427
13.898640148112996,77.1026187243894,999.7406192294976,24.97005482457001,95.20316985532247,13.518600955620135
26.202557811860256,51.41684768492399,997.3045003086156,6.4909861156922055,15.26936934997769,24.16289182456937
32.216397940572364,47.571659764564195,1017.577885399722,0.0,69.18594739723322,30.638047689847916
28.595731495068875,40.75177032993642,1014.19750530881,8.877120741529819,50.58310965565258,26.89216015585474
16.392820853121844,72.31139737791798,1016.7899883298031,15.907530028832763,53.14993318323786,16.827503081261224
35.73198483783241,46.78878737251767,1008.3538175942186,13.06061880223585,70.64897186006883,32.21804571301338
32.89302814770565,45.48575388467574,1014.9912692897864,13.928308276774485,48.874049933643725,31.115472197849904
33.647488125297336,33.29073509364056,992.148395358217,21.246370018689106,60.03263920177167,31.978630757505595
14.193848049834024,82.32717523055237,1015.7677876624082,14.674403021237497,23.090101941137718,15.216019541443538
13.960121716811027,77.67402381456643,1009.5940784700452,17.592390493137152,37.85065964886303,13.648052737822907
39.68200163220824,31.652976851690237,1013.6439864013425,5.423060807030688,86.5240350071502,39.920196589624
22.7225022023981,59.807568231818244,1011.4202096914375,4.332244175487743,10.990251164838561,23.307776718144066
19.630358136990072,54.53062547910969,999.116503609168,23.298797461171414,59.757526093363985,18.300809887198056
25.634689451249066,49.626419273465615,994.5176420214806,12.706310746029475,18.428706223489023,25.80996483009424
31.211654808434638,45.440609756912664,1001.5915125043533,7.637395715877056,84.65395979233719,29.618763903067908
40.57994422550304,45.986447371261804,1013.0842555314562,7.650238545170173,57.90439538535498,40.375374736334805
19.16627926022576,62.09286794557284,1014.2108227365785,7.456138148532197,40.304878267027114,16.909715881257714
39.59386973798487,42.71059815455202,995.6885195035633,7.037286852679108,24.982467365181794,38.302640565607945
10.795503724360202,75.03998997678507,999.170105692786,3.0179653817743812,43.684469918963444,11.573840660898725
27.76633735445839,56.722391322850335,1001.4908788265325,1.497057184456441,95.76123259217422,28.33204229664305
30.287203573794724,49.95239080084723,1004.7842544575986,10.634969356419067,50.920928974362056,26.82872152632503
13.388716920024105,82.57081326670699,995.7415425223261,7.849518907757204,46.94895316998602,15.451719944219404
14.490867106045204,69.70975199048598,995.2015341047388,19.750114998103065,74.6273813500309,13.887364411861661
23.411658218121723,48.472869583703975,1000.603482332332,14.051536572868416,37.90470708319067,20.538923978448192
40.919421188581815,24.611247025647312,1008.776284526025,13.857223760545882,42.742394988079404,35.768120227998125
29.07336170349993,48.58860557838304,997.3746509422186,6.798157147118846,33.694773157161904,26.922996674477833
39.85674309120676,27.21524275232578,1006.9577684102541,11.15280108954017,15.09197553293914,38.79310231263454
35.739549299615064,46.459349640994574,1017.5269753452764,14.527007725420082,71.38092142026507,33.99545406208386
24.95621124976933,55.08734836896985,996.2839823632784,17.013370177988726,87.30309138836238,24.774418338065857
35.112430376069995,63.08382835490996,1006.1419881743052,11.342757214371442,90.55926492427656,33.4292910768189
10.570777087263608,65.77065646237071,1017.2228106037569,19.553866455269464,88.08029380377796,7.778663350115795
13.492607896503518,77.06478397974831,1004.2355844867258,12.0559251623556,45.17838024379929,12.921131157920762
36.54171567624756,32.99088808139568,1002.8369727822742,17.549929829623757,28.40661922031963,35.555748007619684
35.498146826405176,39.58047637865106,1018.4714623287582,8.571034539875948,63.79237496008234,34.10329778707249
17.44450374292588,70.83682535948184,1005.2441812892561,0.0,95.47049119060317,15.844234498374837
26.98462689916971,37.26931999720963,1017.9404552268501,13.878512916129658,72.7050648168605,26.152905996269972
29.39250626240035,54.27547485382372,1011.8606885201448,17.07726844202638,49.484856159015656,27.592383803607373
37.76764652083236,55.46017224298643,1004.9143981238115,16.027431322652987,68.88085745134482,35.728422004559846
29.29942903483922,48.88832151253438,1012.3172147753778,14.95530663006208,77.2537912454397,27.148423729866018
23.20229021675777,63.43514204014531,1010.8840456246144,9.559891238315089,91.92692613280707,23.32683422585967
21.973889389029846,71.33723393090992,1017.1879453890223,6.352776239880853,76.32157539721541,20.871177528073584
23.628226763952316,59.42744319205317,1003.0648901592149,15.862097883306463,43.31905556359056,22.272879055834796
30.861792818559174,45.60271890483734,1008.3708546010346,14.985131913387924,27.36065184654841,31.127149984082582
37.75970021607439,22.042543456918118,1007.4463588835582,8.073706364093216,49.98816647295913,38.78125477728212
24.524700226441592,64.56711042681948,1014.3373332747581,19.765969324344397,32.81779446054718,24.044089502301517
17.93086601444346,68.0948970012258,998.7733872500024,5.8199413981667965,94.2764592687814,18.825704382370162
17.573195615922597,61.41739554580695,1017.1527934341407,7.915336348462717,50.79658434499622,17.90454120865031
33.872456967790285,46.89771107892564,1012.1969589495337,23.454976486391654,47.20563359640083,31.807581299627884
36.130200429565136,37.94176652268111,996.1476743373034,18.08007356413739,34.81962181548629,35.40726022145771
13.368898555331999,71.3876880458444,1018.8743654293245,9.493934858762842,63.94069902916003,10.920755194999316
12.129883422565701,82.2619982861494,1028.1068377271795,14.011664967504853,52.00512786209478,10.985491835873965
29.021877240206457,42.21121871110988,1017.0165057259446,13.083545711666869,12.904892289825654,27.244789034337366
14.677543814166345,82.09608375804886,1020.8428629050383,0.0,86.92078108304946,13.378933184833873
36.38925409460292,31.054092257878544,1008.7683424344233,5.654682353686328,35.901283214379845,34.33124069724976
19.930709565570382,60.79885986308084,993.0464557223534,11.64407368023503,43.25784299581542,19.52585149983634
14.603901855076565,89.2079118626716,991.4029159394922,9.503719664084857,20.566705666357908,16.2608093953292
39.471055119598404,46.7858081697217,1010.2957383948099,13.729717953812944,55.339820761788914,38.13074641518501
15.297015127528901,73.60016000504662,1002.6721907304302,19.90637619063544,70.20550624285829,12.51046376843781
19.111042634813938,59.76474645551006,999.7688134950538,9.749249507422508,88.11653206259396,17.390023270111893
14.915628646145876,69.13816000948934,1007.4352798442819,4.596416427139946,5.160766497226266,13.320903935108104
13.695682037291359,75.72746356261311,1013.5402675907516,14.273961609577317,97.33319096993783,12.887901931246857
10.676736522766081,79.81891790070597,994.9251820791407,9.713636665025376,70.38177420203567,11.33938218398395
11.772653093256324,77.20268557777062,1003.9601014174765,10.907555494246681,28.42986844115174,12.239480129123647
15.588527069947286,72.14997563590296,1021.5888361480828,9.95758396592845,20.447475501396607,14.172175706299226
11.708221844069612,76.30807744845815,998.3224045780076,27.692864600076902,29.608791865459793,12.022087269821355
28.91660211555108,41.53509704733084,1015.8278506844846,0.0,87.57257516664424,26.690996758855007
31.782864857584205,44.78276001921624,1003.6374231460591,9.281662678071477,29.13901731959504,29.797515372211816
22.596174618624904,69.55253923488866,1012.9121438386496,11.974176820461256,46.282113455723575,22.907458424558115
20.17571510246558,54.79853872101597,1017.8759475648258,6.532002554020549,70.57380542422325,19.842191999127557
26.144839584711363,55.573538509854295,1014.6715359028652,18.29878082489798,87.19898637238856,25.68858297684082
38.00015815150748,33.34173925014741,1016.1824364199249,17.692803751037474,65.85711623461042,35.333542175690845
37.23621205831059,41.898295950634534,997.6356581993284,11.665717670580216,75.31091965344227,37.57294224141991
11.391201984409342,75.3736916740719,1018.0229373606717,10.10528371259414,17.33267962959556,10.56755550466211
15.80794910708877,83.89762311451862,1000.3257619682867,11.21630216037847,87.74078276911388,16.32840676979174
17.575835875340672,73.56770321427807,1010.3358758901438,11.266493424465326,27.571918361811065,16.81151770344047
17.98040242663078,58.433991155167675,1010.324215682975,11.451388803119661,12.83781640565157,17.355947264786945
28.279444855768727,59.36462905204494,1012.3661030298263,10.684006289382403,97.62442903406694,23.966528285541216
23.320397622502153,54.988208597275374,1011.0326100845417,13.76714520214675,20.1639925454161,22.36188910299114
11.576131837683008,73.59863786433937,1000.4057101932775,17.272484453795055,13.665197007797648,11.941318803406928
21.95565243070629,65.67485613633285,995.8511932893385,3.388178966809962,62.60209001017866,21.34346022662643
26.76009435896439,52.263883821660556,1015.851138119656,4.645352705367957,31.886314949609528,28.058075173928174
13.253500892918911,82.92527023585122,1009.6725111976702,0.0,13.334920518049332,12.33811640828981
36.67067372123391,35.63144261210367,1018.3443915686204,18.064781802503198,60.1121117215876,34.101597184005975
11.662779726883336,73.13739697528825,1007.5974035923092,13.752263052333243,75.89852272222355,9.886135385943014
39.59493980857799,32.33637012917704,995.3535207539073,15.536872611529395,79.31983742071566,37.56294170456997
13.171620530556016,71.37604024385347,1016.6951671290369,1.9935123314557206,15.551260101227237,14.291888019483975
36.99439845112809,50.15165469024677,1004.66666451305,24.494636860160966,55.686706793994226,37.65435076860904
38.88490060568375,43.64726447064099,1011.0780311167891,7.738043642982496,81.36783706814606,36.536701164867985
41.346261778770966,48.72747205287867,1002.1728651436844,13.177440649778791,16.108701142418525,40.0952909033911
35.664828168754994,61.4271527864993,1022.7987153921032,17.980692624748603,20.76822517706749,33.34612640201088
34.94328130468253,36.08650585275162,1000.1109165823513,5.091141709427497,0.241139743167762,36.21957010675448
30.559464831857525,51.252129012424895,1004.9631322130444,8.175729490411332,52.46341563952881,31.140539599509406
34.927883346500124,34.94496661442736,1008.9670383242758,13.25420242220612,19.46816968619509,33.79328933069056
14.305670669220707,68.03593010764384,998.1703590562174,32.002311528252946,72.42425757268991,11.855154620995103
27.154177150324394,50.58578304998427,1010.9746757572883,14.107873199964171,96.22138556176057,23.96311465218093
26.455131846093263,48.18281983005858,1022.5071942972074,23.244528054415028,20.875548899907027,25.31279779012562
37.442308611921845,32.29355432952602,1003.5858405537566,20.43971201634369,64.90970117635327,36.541517322503886
24.809579698992508,57.871834408298824,1011.5562853712855,14.57607025546163,21.183446145851136,21.760961186831082
22.32286387521131,52.898100033852344,983.255081525653,5.075629598585249,1.8006858979704,22.637847066464126
30.466024679587523,57.56127988769916,1007.6496371956364,19.418275275727645,75.85541942145848,31.224480454380988
18.526826160027074,60.79407376862062,1005.1826194266641,1.513227608463671,43.40046766508928,17.96123156741959
14.47258915052662,96.49129749250753,1000.6335215783065,23.206125865739644,94.67868615146531,16.001409542146433
25.292072768759866,54.71541887758303,1017.7330542266568,13.400037157527787,53.42858821434056,24.840812970105688
23.34045979503632,61.732474432533756,1005.0638068653856,0.0,15.748286897568399,22.121423451787916
17.44223809692396,59.34602528373198,1006.4027026161577,9.616457334777127,44.97744417972779,16.542763023246792
21.760377923684096,77.09618607567917,1004.6052641268983,16.577634746460582,20.28917948060165,21.73529766567748
21.724558394439917,72.45539577448545,990.7486571541143,10.340832888721632,87.80292726865746,20.381956287474967
20.479858061201455,67.67953277714679,997.8121220393074,17.005040676955012,69.09031808875248,18.854405932631018
22.142850551261727,52.11844631043397,1016.6498413750819,6.049830826013931,34.12388046547036,23.057806050983086
31.943787054590253,50.36684379264109,989.0104441780802,2.858123390486748,52.78203228071404,30.634929251144598
19.50004718628113,57.75348321175433,1001.1031618534587,11.499882178666763,66.94801882130285,20.094022788322714
40.36345365489089,48.1718343081951,1004.4025194933921,12.220959671029403,78.28577166454252,38.63547342223599
39.32313662522169,44.45500974825393,1023.6925968056241,9.56130954256375,8.014720987054169,38.21122356126059
25.389133705602514,58.94926843477825,1014.9174338894674,20.591038026495347,2.2518841995246786,25.522307237355687
20.50755856015004,45.77303478180386,1002.985465256522,6.048548374026597,11.445269716988982,19.487905630894904
27.1339132745601,47.788497922615605,1019.74062327404,14.192159251326446,39.4996310172563,26.494734645496575
37.15393564075599,46.628882373702794,1001.3353576154899,12.475789798145376,46.6706610082092,33.93759239563323
30.882794897923265,59.92301693179651,1017.081898233606,1.1029883350474172,13.646163021384838,31.032045002852062
35.74053849430648,52.049577675192666,995.7701047866929,2.7667887143204144,41.11531378996053,32.58940215682878
27.047112834103686,43.045582372618014,1017.6593204861024,12.08337711374042,44.162278636183046,25.39051197268588
30.253364136563864,53.54504045648563,1004.3447971907611,25.868399990808747,10.908996367748669,30.773474672434013
19.220979653838775,75.25370123379722,998.7434618315285,16.054888683291676,91.6659960195734,19.409075439316123
33.516581193929305,33.134272744144546,1006.0457074823132,0.0,59.91459275877076,30.76127056279238
16.476946980022987,71.04519075598078,1010.496097617482,0.0,38.85355304562821,14.92087342045088
32.23354012219194,50.452106009289345,1003.5472641252686,17.13137515103066,50.69071834722067,30.53262870676741
37.54301018642861,38.15651855090464,1012.9855815539579,11.326505619502607,31.419748646880674,36.58997274572885
14.227290793649406,59.55313350599876,1002.7530550470234,19.988861786572585,85.4331031644593,10.701445626469294
29.660151697341433,49.387195158265094,1013.5833515453822,5.83497455501991,57.501504156850366,28.513498389318848
13.043063943357907,73.46911384009084,1011.9799985583294,14.451487485009682,49.489581439354346,12.8852053363763
33.222900104685664,45.64221561182375,1007.4516925076285,17.92321424119504,91.08854030955976,31.25282130011285
12.703783002352647,72.07174324318811,1004.0275591887065,8.867754532554628,83.79796982340677,12.734801954024421
39.95007432642004,33.528295000759215,1009.3638671618874,9.017401008382542,81.28018914258493,38.4963398529025
14.39705376120967,73.80662178747015,1012.9522836873033,12.176839817688734,22.560920423184417,13.553990103765523
40.68416786909057,39.54759342957636,1026.5561923745845,15.798734425922301,15.312311146835677,36.856838785979505
35.62829363472309,40.90356012679818,1016.4547837961836,11.899661968416623,69.00965197127476,34.09775116382482
28.99782414292333,49.675963565817156,1016.7839095483425,18.817974364316406,46.864225634139586,26.51250171343343
35.043971348145504,44.92507385122468,1035.7966097537426,8.76645367513079,68.37127129568435,32.146954281510716
35.44367484745875,28.239344064023356,1012.6436262909106,2.701233561758233,76.06272321111163,34.225705707788194
40.27286601015457,40.42062530308753,1012.3617916018053,25.83882757679226,29.531350734475094,40.63704389159384
18.10826732285399,68.73850760487805,1014.3361356688949,7.767563844202876,28.46504331228087,17.702896447491185
28.882428651465894,53.43802666815495,998.9193062017057,8.020905413975768,49.08315662581837,29.09270722788373
13.041574322060839,83.7755916937675,1004.0048852722311,11.539376752494709,27.354931352649736,11.631449962716767
29.71730240077188,36.28738727849479,1003.444476599769,12.470267767577868,66.72952760161995,28.678339547900535
15.481321730969242,56.761412531222895,1013.828525794976,9.29321450258202,74.67304458807168,14.18611712010972
28.07841956711814,56.47672239026686,1006.4324289400092,11.877962721356937,47.203894605324436,28.86502564647759
28.31777644908319,53.88228930780125,1009.2440108292687,11.721664380002782,72.37997655986432,26.518193453960887
24.911524895399275,60.23970444720651,1017.7870915813362,13.22373528914565,51.04375690707762,23.55945184254827
26.72421681641993,52.552869014811534,1015.7683566483372,0.0,71.28717219670092,26.80627735329736
34.44554848021082,50.36878409761377,1006.5445109726288,25.166134149054947,22.496824779572535,33.54731733569773
35.57583092838613,50.876155897769074,1001.970044128096,10.968981805258098,73.8843045933042,33.26912029618798
25.748902898413732,61.53594914891231,1018.2174725848787,16.064358336128898,71.51240234570177,27.469342736415193
29.186990128723593,50.59223664611413,1014.9650206281888,2.3532906092618298,26.660570704917763,27.17642292746003
39.79955954208326,20.429123563064056,993.5436886353416,8.702998171255249,55.5970991040175,38.539799274732665
13.83147483203593,81.09825115784493,1005.1816145498254,7.293788935757099,85.53116678744016,13.84093818667599
13.747314108803536,84.84022387197561,1009.4896391581509,22.288066351559817,24.952264697243898,14.061710975209978
12.806688381144589,81.58676914321218,1015.0094674540893,7.89930475214882,73.59797840146763,11.9729705776678
31.05162512129689,42.93800415517946,1016.1909134544579,17.30655990858064,95.39667171468871,28.785402670708063
23.395465625292143,66.46692999266845,1010.5551540105793,7.447056831287634,86.62419197575649,22.13725291852078
34.778285316538984,51.45572395471004,1013.2672277822297,8.831667422422392,40.152008268027615,32.52541069989911
31.479405225874963,61.82539240487399,1008.5772312214034,10.281148843595199,60.720773298813846,33.29639004178449
20.67640826650362,58.01032861974609,1001.935334806375,20.986915887805104,99.17701342527039,19.13205201543436
38.74772951556915,37.00415552607163,1005.6486204806287,0.0,56.84374113757185,38.414323984635786
34.401028706260874,51.09668478506938,1008.170920679761,2.790355113078972,11.502760243036658,33.707620657926185
18.657118109125623,68.4064593132731,1007.6878867498327,0.0,4.543075477876091,18.522970243152212
21.65414456870573,54.6628695589665,991.0298438600088,4.387485161669848,79.03145097440284,20.66578723277311
20.062079366536413,69.22691519873582,1004.4226499856351,6.318799641655249,42.36283254018461,18.061052167388468
15.043572755999989,77.81611257432135,1008.5058508778023,0.6986312213672772,24.681289062919443,15.094774590750372
14.729067921350133,74.34655468469032,1005.4676700728487,6.860965773697317,34.7672030660947,14.272250330014682
39.956078828023806,38.820365116805036,1005.7785858403957,0.0,75.73728665464523,40.12631942269607
24.012929190360104,58.11160546049201,1012.3919223372413,4.874078933626231,46.52473356338292,21.85493168040167
22.266234328877115,74.54019170885665,998.2893853165623,20.402942799371402,86.84994925258765,20.99258166103329
33.3499426776761,39.43704564766825,993.3476200744391,14.82511649196772,73.49255887776994,31.246810752768884
27.695778088092798,50.14255567015522,1004.8664718824699,13.312273705207694,97.4014150445425,28.006614029546153
39.956479578830795,37.15098871891555,1014.8770296495161,4.9805501060461985,88.85037667898433,37.070413703188365
34.96964780510055,51.32564290421134,1023.1879773553798,1.2474052866869307,25.454721178600913,34.693059534635324
25.33982605198529,46.27826686386504,1015.0391541518527,4.025907471260036,65.90592328025534,25.176268682508503
22.04350315138644,52.55454643236615,994.7856261611804,11.697531211727895,2.0543034528143878,22.034315199610916
41.57220943757831,20.0,1005.908694845609,18.077237458086678,99.11067244295982,37.603513573292354
32.96832755211659,47.45748685145711,1010.3097094297337,18.316571919947243,26.100610880259655,30.41903463772374
40.43822912012291,27.418121238169427,1009.5983200523124,16.41428653738333,66.4795093623584,39.63124655698031
13.791314470945323,71.92619313698594,1012.8537409764858,6.8371019515243905,84.91536211995653,11.389823362066222
37.21707773410505,46.32626280468135,999.7465594818532,12.171848826827917,16.046466272797144,37.347885781472655
30.386364287718642,45.8074300165452,1008.5844877879567,9.750602289739279,84.78793428104791,29.080345844750624
13.901493706723603,76.69309030719769,1011.7829054679852,10.591671655536748,1.2245665790822424,14.558633365448648
28.82425599901506,50.810125539414386,1015.4310385797329,26.25989527871869,44.19771380854074,28.022273875905405
31.95508368337436,54.04204317987867,1000.7485365004849,0.0,47.203762253113844,30.498085897015507
10.39368594843529,83.7301799135529,1004.8935881948139,10.357262288544174,37.40907132587359,9.414691467533657
24.53817477893589,53.88417700114608,983.6656408793399,20.4822423503731,58.63847463004998,25.14755227624081
36.41278435828228,40.85224865328707,1002.4068422918,1.738759534765233,91.48423487026321,34.370529071655255
19.451488811010876,75.14528840579818,1003.2802659632606,7.493768023136247,32.69891143002891,16.29285876045873
24.673538617553636,62.37038396658001,998.823739426493,8.296730517026523,57.925988716642415,25.113020680345333
24.154052066172582,48.80092804204071,1009.4905093520939,10.436971945622108,87.74625257433229,21.462573368304604
19.66167652615973,71.73551352643945,1007.4964911115926,0.8282998827564789,77.29953951013782,19.71574635689001
39.390140656497735,29.207411068588378,987.6670751018015,16.167002422366277,4.0733264805496,40.78847856246056
35.00140913380851,55.54806131566572,1009.9395717237159,16.664010977592007,94.27907641276623,33.53603949053459
13.538829151875536,83.56148844850868,999.6450828228988,15.558627275125634,4.664690425861274,15.404175886220436
41.90510905080234,36.556675683683814,1012.3712006327146,5.9073842799624305,58.87584743743296,40.662748051104344
38.134400777847844,40.962981619610176,996.463338770442,12.605575535511067,57.53536203151648,39.1748489511246
19.085070011649247,65.65439043488922,1008.2700588467785,5.703918323016388,78.6390230702316,17.02111037571863
36.78069054915002,47.09619031493269,1005.4515300400215,9.67182337459941,14.844305184897767,36.31020929616123
13.405425019884252,72.59590836547135,1010.727916964553,27.074275490196143,17.937039206270377,13.855058132012669
41.97135137517564,36.02609947111448,1009.1222754988621,12.669867643173792,75.21069327383604,40.09864417421811
31.30191155540918,56.5877031768123,1005.7035224248069,3.6873139680897857,14.950475241162508,32.55886629162489
30.804000497881503,45.839746929867104,994.1735491736018,13.262347384647397,46.944512706563955,29.73841609723676
12.894103263492248,71.37400834801069,994.7051283288507,2.537428517556833,73.16480902109319,15.328367941068263
38.70506876469201,29.322726445400917,1002.74501754817,3.606927252394918,65.12419287826812,39.94728331168545
10.927984102543022,70.63864108230324,1007.9254810446337,4.712138048358463,21.060418611309515,11.32250118030502
17.706497857316705,54.698415615358755,1002.525768475208,8.889833834630215,30.396025868608557,18.028908448047286
14.57670000533232,79.70241530439237,1013.6269073752152,18.55878296912441,96.8974903241041,14.930496375225674
34.856574102150994,58.929283888543225,1005.4870117270948,16.048787386117873,44.86706201548839,32.79084099301944
16.342535270812732,82.70595540508398,999.3148854769844,15.660967297731299,4.445747643638054,15.429516763669207
39.14042326818833,25.23771035211479,1005.4971333631088,4.307528040866203,21.958489946633264,39.650631671816356
31.000609258479685,55.847953947654055,1010.032738526849,8.210799511950459,34.24350896618377,30.720731927369606
11.157206735830279,90.19890103243455,1010.9239624694212,13.904007748182318,99.94894042945859,10.21337485541487
10.173754692118415,76.59357585051899,1024.905412187938,7.601760102281109,30.26915474769186,9.635191086447591
11.653053344460766,78.91465209573228,1001.9798159399692,10.051434917892312,2.6395848782544973,9.385775475057152
29.389605684727286,36.32192735070808,1007.3386920456863,15.089510847709647,51.292157755533594,27.830007781222385
35.64741794750129,45.44513331993626,1011.8351155213749,9.558591231590885,8.360538497397707,34.098280046082294
17.63369026007643,60.922671287411426,1007.7891933671926,13.582417123714176,27.406759869572184,18.317456608086353
37.18108297353834,42.68450983166153,1003.4944366861022,23.14909919213698,99.23831760939392,36.61738377260591
11.831422084904332,65.35481459937768,994.0566854129019,10.796988407091018,70.46385189301544,12.230412727349279
35.63084331653364,47.67814298684699,1003.4024889685229,20.255364668034446,5.066662928287036,35.65786363670142
39.68945376551297,45.64639344341971,998.3366782855398,15.915590471151507,44.8686718591796,37.17210907234937
34.707468771340174,38.40873138783541,992.460539869886,1.729306045592633,17.16375126288493,35.30824733261101
32.33986508731639,39.01181497210776,1000.8388904249647,4.28504079515533,12.294465640212128,32.72141250937804
36.81536699697226,24.36953351399038,998.5761745131019,6.164828818510725,58.7065413348802,37.05822499663418
11.284841585506125,76.5056714284147,1013.2540789076365,6.0161555814705165,50.56558896402157,13.465364516330723
16.457027543009772,66.484558588383,1013.4098265367286,11.3679717772523,74.28665843155082,13.427661377478765
13.997557737780578,62.295385981433725,999.8650863937721,16.302508336572757,89.23062282318597,12.634279548856
26.14499168617557,60.713912105542796,1005.6579423249319,20.78610891693306,24.668185743166195,24.80892335342956
33.84602010652303,42.32350779062442,991.2758160409871,14.157225621075575,92.2991986655397,32.95904242075034
30.160379026444758,42.661562742493246,1003.5509404483557,8.880243107627532,51.799177255409546,29.242282906174072
37.23619519238192,36.57093772592264,1011.5908371063211,0.0,25.883491818511718,36.058288947290436
14.966815758114908,81.86855346217031,1015.4244410065269,12.494127027921365,84.57858381026094,15.371962100896418
33.50787494192517,51.237076884250286,1001.5825762647781,12.18039135586494,3.55299180290225,32.05483169530686
16.17732770780493,70.50266633169494,1017.4666937447477,13.280501274772703,55.95093774729606,14.073754048246547
18.664280042169608,72.88963408657288,994.3587727063788,26.74368208392333,72.16215350299666,17.012561404746442
32.716950313001725,38.27312639505359,996.7713498077059,20.684175823351506,27.997768715614324,31.551099735289476
41.366553116757814,35.277458786517414,1014.3869567907409,17.4954264277499,86.34919175632179,37.82452986287524
29.569395391266227,53.30295532655573,1023.0400910570693,5.265460089498801,24.028456335798488,28.55916054323301
11.744010079721459,74.21249331641407,1012.4408878936532,8.409036755622797,83.98742827317392,10.711091301917612
29.72188703768105,55.38693048302182,1007.6369185211939,11.336087751500484,7.854496383245724,28.502146478589953
11.355217650565347,72.29146676952465,988.2433462813001,6.572150131927525,15.99275918684313,13.217294892208585
38.29266276373815,43.55420465478863,989.7979764956087,15.503251674895827,38.098458390190814,37.83594803798706
32.70650512321986,51.99043774358154,1009.1646858320628,14.49836194450993,85.40555127981793,32.57984176916638
15.540091085520103,49.12958888041931,1004.7774359738594,4.3818454486171525,14.458536512678243,15.01968507077294
12.935072186374338,85.76659095783815,998.047483360631,20.37771696367287,87.54382397942415,12.606216383721382
15.873063324170207,47.60299765713116,1008.5897932274704,12.716172336662023,22.97315266127937,14.487587683023698
41.36086974573416,30.09834666423646,1009.0361823075702,0.0,45.250839859452874,40.1505961046191
24.673940558671674,67.42557046398812,1016.4997428168624,11.640599991585214,35.27344042603377,24.90895430407871
35.090590346925055,41.58035019493915,1009.2294205471143,13.968445191460333,11.812622661452355,33.82528481854147
30.36506694744886,39.24116506644282,1019.0555493150094,18.809546530050184,94.43097395191401,28.734502678162322
28.317220798676395,45.19013334818586,1008.0719462659393,9.637665178113686,43.81782907522135,26.39486773770957
14.64416814928159,81.98120215410665,1006.961985046734,17.79556787213045,69.03312613561945,15.11717166979944
40.27278251385904,21.232429110515284,1017.5788096762246,13.30999390739151,57.52676766640311,37.467546807849864
19.642964240470974,75.54963065901322,999.194032079627,2.794617736736944,50.17159168522074,20.834567512550304
28.49655090584135,53.239184394191724,1033.3300270793954,2.0938325856224047,61.657762355684895,26.86156928402828
32.392830226850116,38.49123352752786,1011.3773173035006,19.85791909104544,89.83423062024289,32.251596128403335
30.775460967849884,45.71066101819614,1011.427463275539,20.37188924867238,69.93123756941095,27.832516149846835
40.09902111025659,28.718624661314823,1012.7258637657534,14.260364612833062,53.24800794552211,36.60950670863659
14.750047677441856,80.54223247457753,1024.894228277985,22.469947048260202,64.51859606659764,12.879162604738289
26.267287630302146,62.7718554141646,1015.1325667050535,19.396268943291247,60.639428050902154,23.47360506574815
22.92910050370451,47.99951519862009,993.5544961889647,16.785401106358048,43.31212074863131,20.778516474844295
25.17339934344378,55.26983400385184,1020.6312334629075,5.620819578864297,62.476401013045034,24.633021370314072
13.814960838327828,68.06282148567044,1004.9319307849948,24.120001257226406,44.35698001641636,13.277455463072506
14.29102751592849,84.62608984957865,1008.9643956555539,15.75411002545791,75.76143778719123,13.229597508273924
18.898417465000236,56.796501730738285,996.4867142504226,9.299128577718648,96.89124835222856,17.551860598111702
19.7505473203466,79.19553922297754,1012.735818163115,7.322109962862914,95.98653574972292,18.189360559692194
23.6929028378032,60.37893296904986,1002.137631389392,13.797486470596999,82.07357864249805,24.779764364602855
29.551601505172105,42.85470256645975,1008.9015267419412,0.3025864061308159,60.175889705948514,27.606251552412278
30.308131757384416,45.635015479718376,1005.443108951753,16.89771292747004,74.93319880707405,27.37358043498671
23.177948690738248,54.97902367228193,1025.3251152156226,5.325004297141812,17.804829525755437,23.216797959324477
23.081059501718308,51.33551650638441,1025.8403427013104,14.594256761770007,47.90184573139226,21.268609901326098
16.964112854302783,71.16065123910397,1008.4186185319327,8.348657638492885,25.730476499136433,19.340964357761695
28.825799949088264,43.37926566828727,1008.5757994023197,10.149069010927075,0.3494981109347095,27.69680462563339
20.145309162151612,48.34637204497466,1004.6390133028543,6.701630890644546,96.6737574672076,19.831069567746137
11.153914696875638,75.78941192274495,1017.954056623525,10.87139398173439,86.38485618518413,11.39159144394662
23.388801413019532,46.663388379778624,1005.0397211669996,25.22565682212148,51.369861846992684,21.587892718064506
25.17224560288545,52.482956931275936,1004.2079645281887,21.695417389340484,25.415228811900683,23.655035587438967
17.21897178253475,62.75966780649777,1016.8073357729846,14.481352684968197,69.29752101992366,16.90211196219131
28.318653859907702,46.96822332692732,1003.1553081421501,11.822940141045333,43.48010845499275,28.242719735603618
28.10470081382147,70.2558886326801,1007.6602046899633,17.909408334850195,80.33495334226994,25.5188699545021
32.464069795531884,48.37839133383533,993.7682029664011,19.909792758752896,99.95181101809494,29.88472170961337
30.73435143043872,52.398158497826515,1014.3377131061085,6.191271324547295,34.908260748987004,26.873427415403285
30.87785780867301,36.01591980668579,1025.4678024526368,11.457927926574584,24.440304347804776,30.00682058792043
20.11885285836938,60.59595828626902,1014.4910283551982,0.0,26.738248879475822,19.396514204777564
35.19783110355053,45.68556593938383,1021.1561925079258,19.861714771826264,9.334624568067195,33.840396648377705
27.572620275189742,46.823469297670826,1000.3850807744041,26.45516980390599,39.40461965001554,24.65594777101465
23.805382245756483,67.74669849179699,1010.1269185382538,12.560578372361599,1.7425052716909306,22.484884261542533
30.032399390113827,41.83144819712671,999.5115606806755,0.0,11.43955574012756,29.289455607255743
21.541034702408137,61.4745705945868,1005.9501100897679,16.262233616039218,27.169574727267033,20.34909929213763
26.407655827416264,52.02048593044195,1014.9499032961726,5.671375836956438,15.986277590948072,25.93740455477584
33.57458203143105,47.63142132948031,1008.9163855179297,7.35655390834878,73.21590995007253,33.047446933747544
38.36489237515865,34.24698548117655,995.286230796589,16.386034728537027,10.560479086790032,40.592909643294526
39.47383031344613,35.595797028935614,996.1647380501602,13.78187887858907,86.59941050245247,38.09167222553277
26.116253605859175,55.24239153728031,995.5695246165831,8.583238572629789,22.111450371095287,27.47602752966663
26.64880367169821,50.48413261690719,1012.4230733094563,7.45276057178835,10.859061697156768,25.120673658256116
35.59585314444277,47.26676388853488,1026.57505082091,12.880852386545829,1.0106644431258527,32.498476568678534
20.06242213581444,67.81659490176847,1020.2621241960019,9.133741132413427,71.52050043221465,18.50824733987642
36.79623559504219,40.93654682516349,990.9361332076854,4.235340064778948,25.6616745938542,34.74044232566093
25.81253268855755,54.128160933895884,1020.7896834426281,9.67205772965148,50.94986051377748,24.575210226716834
13.707415178728589,81.49660023500351,1016.4276037531318,14.37714836278629,11.161604667215574,12.745591177296923
12.305892706334198,75.26978162530196,994.0923004902412,10.753275732262566,98.52959232362493,9.578366994638579
36.94378275326282,38.97793670516141,1005.2711854496055,2.105439812262704,12.538473906995529,38.53361025168321
11.778173341020093,78.75916889462587,1017.8597017034623,18.923452349628775,41.19259266418782,10.547055693774533
18.97956595627699,81.05232282716518,1012.953901598413,0.0,85.16495023344659,16.47036490467726
20.692161296049466,54.27351645655865,996.2181445285081,8.875443914800954,24.48869484804068,21.71054796893149
15.535822246131001,78.63191288755289,1013.4966794021658,7.658610818122589,26.69717853461734,14.601677917055266
20.044587833663655,50.78997835128286,988.7624946352747,13.037252145099904,80.84995158907329,20.71597926295923
33.76616213520274,47.77725016978501,1005.9946004181851,15.931632654619149,27.33396571920127,32.16093219678367
10.469850993922265,92.41937867968255,1018.2416109246004,19.887353657827248,0.28713110948129783,10.036383911083291
36.46954958466196,46.028501297978615,1008.1655479401419,7.013165886534878,42.79137204899498,36.01353254003335
37.40953675438586,42.12117233445884,1003.5095620503425,16.106076361334374,1.253520967847499,37.65164302171209
21.91237034212954,58.74346725348756,1016.0041162839511,13.370728715170227,90.97922838293668,21.315569580868853
14.915612769940314,73.62073908749498,1016.7727663357792,0.019224373717436904,64.18132241792209,14.195873151158242
29.226893054242588,50.6045025481214,1019.7903572358025,25.30378178803877,58.30142662212422,28.18359798890785
13.829521787676619,68.65938054441806,1015.8690818560175,1.9285741093186033,20.15895108623631,14.513721017631992
21.67741955450408,61.24873672217013,1017.7323731454343,14.936480906168004,69.99461854286363,20.624895799922967
40.66973378883112,37.6159352912064,1014.5961770169378,14.729719609384233,67.72546436783458,38.755235714218365
41.85486312267639,28.17271192387411,1010.3897578420482,13.92945747630354,6.046357392536494,39.04289893514029
34.70735652334674,38.22407847566976,1008.8055809978744,8.537961824868749,88.08465308105725,33.76807298862854
19.95076831746452,55.18943843893905,1005.8646625281234,17.790768557983515,57.94133629298055,19.06531965936359
32.00528157331496,51.71814192740448,997.0886853624625,1.0774276823983318,79.24668810386102,30.83843815546354
32.57300369548841,52.13173073727829,999.4021964206217,11.53919847928254,26.291407212884423,33.8123372663269
22.410934245236792,64.35742889829879,1005.4618696625831,8.05287726413279,12.204779975345414,20.72889501954934
30.5084363067571,58.48413129703153,1010.1730694364219,7.2589144055307795,70.24495731867846,31.518725790222287
10.34328463922164,80.70517836977444,1020.9673133820384,15.00123451217482,79.38826862551622,9.282648751007956
16.689845075271727,73.93581213978206,1007.6238249491204,19.54234979903778,38.60335336192914,16.742425783024714
26.802825694952357,58.56660214741959,1017.031286617899,9.597209667141938,2.369227531631124,25.90066227518693
15.240041736265468,72.16961932706941,1017.7138409078891,17.46476762948044,81.82540246538646,12.032539645722803
15.309019772049076,68.55534670549166,1005.9169788208009,12.348184658112189,20.609390633044068,15.083697291356856
36.76173729760761,59.408701844804256,1013.3522119023316,5.75087453533394,33.90319418974882,36.575967243504465
41.65225608587538,30.988620836652636,1005.8082476244763,10.194335347312553,62.82310077771302,41.002778230033954
27.79102169691035,49.37599685051651,1019.8992230467063,9.903598764458696,9.995471921130273,26.69809853259804
36.85023138821483,45.03924307468935,1013.7225900443934,7.123380612461874,7.199576613846315,33.55525823369252
41.69029325844072,36.563910097621005,997.2856462078048,14.999380500590837,2.570377157527426,39.45356640520796
14.53106843420079,62.691618389526234,1009.4537218693846,13.642523313933316,91.66398602394554,15.789368925088292
24.343859624139235,68.68282958150802,1022.833009456415,0.8654521121140739,31.138274426865564,22.46649442103543
22.562326906941436,61.53106938212825,1006.3689206890797,0.43931803332449526,66.06588151171319,23.6944524645235
12.56157707667792,67.89826447709125,1012.0294352708556,14.972791172440282,98.92352490177421,10.165506829298925
34.170565529431826,54.96295289715484,1012.9129095396523,6.292994998438258,66.94507935619434,32.8621255640532
23.880928874322976,65.37805770500091,998.6703939075186,14.114288085702267,52.509479585618,24.332995501134672
25.01846189409284,48.60689431798207,1012.5963715429216,17.46652104676432,52.09199335172385,22.774026613080647
14.821535162023686,87.72623673712745,995.4554836316884,3.103330138161086,37.69171484555517,17.48124679562008
15.78965287138778,77.37538228341727,1002.3693830423874,2.1192392179667046,59.97796559550853,15.87910115860224
39.02731590899888,38.32882300695126,1017.6815067074477,23.721021776767067,95.87913895457044,37.24717670553494
11.428770847176924,91.1500327165677,1011.2108066127752,14.460995480737214,78.80440336983101,10.693064264929792
17.4512731181986,70.97003624924915,1005.2596997302812,9.065315403287103,42.42266170332375,18.06465126059144
19.345898570064907,66.72378247257363,1012.0181491912067,5.462416831476155,33.24448290325333,20.895651900201234
25.686321356850765,52.47243310439048,1007.4591697702039,8.426914057649043,88.35315296231214,24.272595828770108
28.76624553647347,57.9437474865701,1008.1132065211665,3.665993647206829,13.578582562659381,30.682601467894344
25.78527922722133,61.42416885912091,1013.9113667404812,18.18388521863413,84.95852569643017,23.658258400435
12.691690705820225,76.71448959567836,1001.4536903340678,6.562741924755754,25.507676134233236,13.956367562985461
17.797358529782834,62.87393930087407,1008.3630276499922,19.65474211751387,71.56292357759177,17.355897807000268
36.99482831240132,42.39693778034668,1005.1895862485401,9.195597561609922,80.622058077483,34.36283229795347
30.40283841531069,50.3574940117024,993.7295696285977,4.696548714678797,47.699651726347255,30.385878776586743
30.77276960429678,39.711689523896055,999.7158981937563,9.01588888390339,19.228397614227433,30.296317759752167
31.446504171243358,37.62807014110365,1022.1138580235745,0.0,84.47677434623753,28.480668990258774
34.41289660926493,49.62252694704401,1011.4625098312671,11.154619963281952,36.750834505331476,33.945081686476584
11.859471415086315,56.98865992771134,996.0877052873875,10.80916566208889,32.06802604825193,11.922284389054134
21.731468317843596,65.13265515481686,994.1368106173643,17.773199225835775,51.00161823534396,21.450954983448433
27.264877928373718,51.641262541827516,1006.9905248990048,0.0,43.50862411039177,26.611844668259113
20.830607465514433,75.26159203004336,1022.0506787985884,20.133064526044834,68.30522170387242,19.555303375691306
37.02332394518997,37.36843460624354,1006.3191767867609,17.744195064983593,13.719780837266537,35.71609119609694
25.442320274793406,63.384509315564735,1019.7629959806361,20.764304945890636,43.5689654047873,24.51144398849476
34.59608286270013,41.66036911918248,1011.1673769373679,11.630950367971039,89.1701811225204,32.09963756294156
37.26449654019741,41.8764652446029,1012.241254120613,19.097277838719286,3.606270943972545,39.58910941443041
26.153327452911938,62.9723674406381,995.9785154162589,1.7012917556516634,45.73383331533264,24.50275945341473
39.1056718038832,34.596330153772726,1016.4377062957478,16.99133295643173,66.05319663852102,36.50009469181697
28.78796609718338,61.229888235071336,1004.9856116645375,6.601860665300383,88.77110870419853,27.258239572883227
37.208777562679096,33.09768951726345,1015.7678320824982,0.44018717303944577,59.378622693317574,38.117470933478174
20.898905458928777,67.0533298250203,1000.672470162125,4.1310163728494755,82.44842712393286,18.80880124870842
25.962142673007527,64.7360109064419,1009.5934441275892,12.038717970404894,22.269101895928646,26.17695301256785
27.005153312146486,61.12282763171027,1011.1680265854387,6.229905542476776,35.280943622785955,26.80990632726672
13.359350908674259,90.9605001963056,1006.6137001508172,14.6325147218706,94.21322739280427,13.313262680205431
22.7536802144493,55.899649150563235,1011.6409067377754,0.0,88.59751130926863,23.069181366813147
39.35480552165363,26.902337982813535,1005.6024263232674,0.0,55.795298268870454,39.525730702379676
30.186631691671757,43.274703179115,1002.1584622226285,21.606712039005032,47.548833779484525,28.59729807947759
15.68021063798296,77.5472351073122,1022.4493504451457,18.32660090581004,45.10673914544585,15.099825503428526
20.84338033950736,68.76048198186936,1017.440575797253,4.654922148603347,5.878966156701604,18.465713605012382
16.131296309206395,72.42767362883006,1001.1522172945664,11.979002495706224,89.23771039565669,15.639097585173042
10.794340217554321,70.36455029168918,1013.1159987503515,19.136549421409267,81.81495084153354,8.720369405502174
39.678734672128854,43.60077307204565,1001.3158903076896,14.934404258034238,45.62511447278671,38.58771827669018
24.342634504219888,49.90554174767684,997.3378382070391,13.03756167328435,27.94399727194734,21.99599839550292
19.841122317465157,75.50196929869072,1017.3042849725908,19.66607856918818,34.292060642653055,19.748374177997412
29.15127012984757,75.59016569683995,992.6631033691733,6.885012673591457,12.316058587288946,27.89521028848466
10.2340626013765,83.09221840057648,1016.3417032221889,12.2182491406524,72.17897413057226,9.736273802665592
18.896707411226043,72.2646393389842,1005.7254991868425,11.875059531953259,55.66698565548577,17.05436931209311
32.49707090236456,43.936369040406916,1006.0960805722752,10.090665666302701,23.410342282489495,30.804991976798718
30.280632738216415,36.611375960891664,1011.6877609766096,9.271361420054735,62.30055720776897,30.16303283405735
41.41779032136114,30.12244912978457,1013.2307893079483,12.510077664799436,97.92302142549747,39.91801780385155
29.85144670905741,42.97224034307676,1000.5629114085398,12.240852471898693,12.23951354761792,30.822885076474495
25.28018795608745,46.76769085235307,1014.4595304787506,4.661006502258319,45.848501062532776,26.08588908985051
34.36584202188824,58.94840860422725,1009.020334842227,17.612571369303133,49.41588209221267,32.59141719919426
38.906491902849694,40.76848688507413,996.6955068641877,5.165303545636192,16.67972138238024,40.45199520924902
33.06227029498725,50.09720871718035,1006.4711296477824,10.472365888169783,53.15802109973148,30.408205348645854
40.82275915358015,33.33482030573879,1020.4315111400304,9.93303669095964,60.597725854809006,39.83537980208146
35.02416546362167,42.831991418201085,1023.0893531842113,14.506725288614511,15.73445388184953,33.14989812833208
37.73764602438165,47.99681872256128,1014.4561361184781,0.0,15.47238990088764,36.034572878321114
13.65133027787639,74.9468741475175,997.2869086064846,18.23636870450621,85.6348715633756,13.906451075661076
33.43723209580121,50.76156496528611,1012.415462122103,7.261067566714851,31.138743667004487,33.80630773565789
24.082838384875796,58.51184995916997,1015.6577481347327,20.53974306343938,63.033338707863095,23.874820073478986
27.699321677160807,52.098760442260456,1014.5313718498685,8.65284552838692,62.67730756752141,26.74814562982445
30.931277103435416,38.894334875203754,1015.0645885981912,11.658094899861926,83.9170875582635,29.222872877077226
41.03408373457822,20.0,1011.2693677132278,25.396502280478966,73.98946312315235,39.331885168928686
41.506498605811984,32.72308181304141,1007.3482889505251,10.058632538444321,84.05764334382778,40.14715532267234
19.22330385561297,67.57818294530706,1002.5246925368639,20.671949192714212,62.52147896506657,19.25666836490893
33.48011191801332,36.16479742521036,990.9185803334865,12.273315598951921,44.9457160513994,33.091612621906485
33.999473213928596,45.424964919526474,1011.0567759004201,14.907931812054427,39.35665213130747,33.92382817161702
21.08777156201756,64.85275173899855,1009.6744755928697,12.489710125879622,37.90297666614359,18.64318383962201
13.963832795655073,57.50437839782511,1013.0181825854233,17.93496138410087,41.83930979091578,12.868376672602414
11.310302729143032,71.27906376690659,995.962106760364,7.201278710028641,12.930925215377032,10.193195674723214
34.87498008093371,47.689390032529865,1013.8051502038355,5.111660338865702,42.395837100316704,34.2203170644352
25.67039173814099,60.874401814861514,1026.490905851587,7.529966667360847,38.94449072026212,26.537513001075773
41.53728542383764,25.541536804237342,1008.7060511770012,12.697972634268638,3.457166331823147,39.93716081101344
24.879150598196897,60.19281603661238,1007.4450121271411,10.454268501147695,27.513075532634,24.66276427160666
41.29334333036289,43.30390997385759,1010.7810212047713,16.971924135298234,75.19069747402169,40.60360639132467
23.170432070209916,67.61945717012281,1026.291033222393,21.133121898750638,57.79455714096253,19.29053393869034
35.39782881791912,42.910861917905805,998.787170144701,5.16913163935494,80.61674967560302,33.73107146661358
12.714216713978626,72.82057525813664,1009.8288624005452,6.862358458702472,54.26880443807649,12.75839159702682
27.774774724408445,49.69182077493172,1000.8030831993212,1.9463240718100216,85.40837654752674,23.357634309153863
35.665913183543175,47.02698414713966,1003.0769575123951,26.212610935313727,79.60670996017167,33.03961656624017
39.59045335103644,39.15467442614027,1007.5536872290626,14.132686493852788,9.828457014224712,40.158640885670245
36.32265889975781,47.36737664416878,1020.125909174522,15.358616240361044,97.70063680159925,35.46217004134894
11.183063270437575,79.83954876283472,1024.2089154061987,2.618541304782662,1.4747446901328787,11.621091143367925
21.926474921815494,69.75672296614707,1012.0332793016404,11.991810076951877,59.683803792961854,22.28080716144289
11.55835111404324,78.99713114829889,1004.6106474927886,15.564735890891598,79.25115093167622,11.303852754592702
13.497033315665856,81.706811421338,1030.4346497997467,10.230696166259026,33.18941398509034,13.463539248325203
31.60978011735949,56.132400992761845,1004.1520096680343,19.529939373784764,59.85697922971579,30.32416269370388
32.82426228197434,40.968606649338696,1002.8597767707623,28.182817879499808,36.21225308474483,31.850522721889707
34.75906184805204,30.134207945358575,992.0255125987915,5.370560210342337,6.061497500750191,33.76827158823415
37.69460953778121,52.69075901833367,1020.5648241232027,4.845389278163123,0.8461519089330904,38.6159188520321
33.66180699124831,48.24364970838805,1016.7142103313416,5.855707541299964,9.486203011118832,34.79453499188688
35.627890947412226,29.6236709622833,1029.760249825048,23.243394120115433,9.840959412004679,35.35129673132298
11.566838714344936,72.51752788645015,995.4942898300369,19.29648721920779,61.088977739375,10.872341750623223
17.505124814121555,75.79256335848237,1021.123537267312,11.051305275444461,52.58652309625133,15.591124474376572
29.900728748007865,49.40652866632546,1008.6312196652951,12.25591765080612,45.546330017314204,30.504005191358587
37.46000974799434,36.58649451085519,1015.2549019512012,6.28419461662295,69.19214756024175,36.45501791176126
10.144003998069092,91.49824908530354,993.1700057300598,18.23019010420229,1.6826137012448394,11.62147644818738
26.468138947723194,48.24290135473088,1021.2127364039877,9.340687231240125,27.09834814157309,24.583094657656524
31.67319677966071,42.688637807453304,1015.0786507619865,10.179464223815005,77.73927312876279,30.51235488976781
10.947433252115623,80.81731358481849,1007.6498096869241,16.261528400704798,90.99771065171186,8.91810904206619
22.843377841708413,65.00074158595386,1013.8060141889501,10.684035433417451,43.83365962375816,22.93274415875223
38.6603162042783,42.913285778522315,1001.1105422906197,10.355238045515076,8.148398013846636,39.96976834711169
31.49160988338748,56.62707002563973,1002.7850392297647,12.074026438703525,79.8728739228488,32.496257950705406
17.605067627539114,71.06128090552042,1003.8289984773714,17.567487896551537,88.51704332727336,17.624394266335695
37.2889961482212,44.84602709658653,991.3254492447875,23.52545152838683,41.366027069371945,35.04047979017953
21.137005549104458,62.27766787927787,1015.7558264478303,16.098403625722575,24.3355253920277,20.702491907580235
37.3070294766099,41.40639368480936,1018.7243425276431,17.62319956536987,4.39716682229453,38.78947182908769
19.566196835804977,67.48928802851185,1001.6879026521254,10.601021565292129,59.10828218948559,18.156900760713555
28.890248028260768,54.829925445574176,1011.1338271435034,7.0454149578189815,90.98694905624993,27.486633468969504
22.70208216793069,68.26229931716259,1005.6101357283369,16.577903625645806,67.78880255203256,23.70164622664312
18.794401624162145,72.18928310052354,1010.9544656587293,13.198685772204,31.724859789473435,19.243013448734658
38.36984198949982,39.71746513842673,1002.3518048291007,2.0415994587517545,64.28883242899668,40.353438258918594
16.002997822063723,65.32264527847929,1000.0491735952113,9.703512636020815,83.20684074480255,14.486754301933
12.713970919544419,77.10611223116227,1017.4686739742136,11.419720835629125,47.58300593494579,10.970962147076339
20.94166203346113,64.41044777231541,1007.4251647338796,8.42679493080065,81.97484899978386,21.530612488333624
32.96445272453016,48.74699618793685,1026.1989805576814,22.37214916179489,39.190967666635416,29.863118658871965
35.83781139124102,60.68737593982374,1008.4167896831473,15.358873258315517,34.85056785957706,35.03462003128081
41.95978784213648,29.968125400572227,999.6652976368456,21.612224425220536,58.2988625878554,40.45832331532146
19.483585824357277,70.12711270768483,1019.0424678879234,13.843976831565117,46.468641769448126,19.911649349833635
23.05414243620103,70.1191900054629,1013.6772014773142,12.569714854975544,97.71119204610832,22.57175252431904
14.378280896948041,74.93550801222041,1014.5418557732678,5.443815276728255,51.63894235281747,14.478525558986496
28.395901747937074,72.52870341886856,1018.7154061098113,12.083506732375968,38.51720289160215,27.296453510201403
41.922561192413355,31.187971937148824,1002.1248333553879,12.09137747972808,39.493354312853626,42.29933109991248
32.42819232386107,50.571834908961826,1006.8547202191324,2.430202811760367,54.79399506131166,36.487290248840765
29.046810893227896,46.4916782456757,1006.4569515166098,8.223307711607236,35.491203800819534,29.143734080577175
22.555810973497408,59.48187620728241,996.3832811677594,9.737021810385464,72.29066019649359,22.151295371919236
39.28956032913776,40.02160880592351,1005.6276886485758,14.89435680839005,38.06629277016409,36.71580194560211
25.901331076171182,64.21350243801363,1020.0274151208914,15.229450783899942,38.41443865252431,24.210627990769247
14.299741226017968,76.81813389446253,1010.1360429341446,7.930770626243566,61.69732493768046,13.630859019423156
21.69211082237227,73.6193581022381,995.8854480493951,15.282087217793194,6.084687269600996,21.591989987723345
12.14933340312854,76.62374408072225,993.9974452950156,10.725447494560381,65.53549181151462,12.18123906174857
16.46332920604101,68.47082441252849,1022.9829845287344,0.0,50.49722171586871,17.80334798942684
10.56540099199719,98.0,1007.1871289077038,8.607085776339204,45.302611428664164,12.466892899952562
24.50495732800523,62.62171306992866,1002.1733081486855,19.552920480996647,71.92529907079513,23.493778952280067
30.30528847845751,45.30147933840823,1005.534074115927,0.22735970360624336,75.82557820048609,27.785197521190494
20.98535879612505,59.01711964763413,994.704230211144,12.788838402908782,84.62608634124594,21.910267774061445
23.452216688168868,53.452846485904416,1020.8078563456046,23.09682849929701,37.48031208174473,22.04089109209839
40.694696731026426,43.48524458686599,1004.4625235617258,6.675709328926635,32.70376922533811,37.94623101169011
34.06281989039729,42.693892815777986,1020.3066137496457,12.015043562993801,71.43421014945194,33.10587056581846
27.30741238223844,56.423151851006146,1008.4648654300258,2.8718861994045515,58.18048591404459,27.80768512698503
19.105308003578408,66.78923399930515,1020.865787771116,23.390617991645005,63.180154635181665,14.859453216178583
38.70389756073585,44.7312878004605,1010.3102504913878,11.4166716110237,55.55229071058353,36.50472784046387
17.523107740181104,62.817541033665236,1015.6790939658217,12.326387899558128,77.26930232038545,16.168126553613046
20.410967376533666,56.79951901488206,1014.471837414795,21.48010325853936,19.004088849215318,20.496163211113945
39.09007406153435,40.11377106822794,1013.6096195962677,16.630348762518366,55.57121327413967,36.93648491380668
26.945345769122316,60.73692291237182,1011.1314102946444,5.870598872522821,15.81017889436298,25.685206272812565
33.75417438137525,48.71670565178702,1005.9043435549597,7.469054531388789,40.72519392909919,33.919897789148486
28.903833413240516,46.61381171802263,1025.2389122241557,15.46451913166309,66.39938234160748,26.453675997899417
30.910054688303845,55.60029943869058,999.8375671341369,7.6311526145594195,49.30716083141704,31.132166228195683
19.580265328474418,60.65772785694702,1008.0387687810885,0.0,37.959153667218125,17.931022987583873
17.723905972053213,65.12802718223178,1008.1339728768684,11.627314409526456,88.4970001415606,15.078362316764734
20.31975510939729,57.984726893597916,1011.6219667800917,1.6385113721263345,77.28257144974783,20.217043371423255
14.974130050669519,83.69677821574544,1004.1347461869495,23.31397227494608,52.629078500037494,15.078656838951098
37.97805968930584,44.999185778725334,1010.8327167503063,13.237513464342069,95.00531556754879,37.357502098227954
19.06390186400365,72.19728930262569,1006.4804167331733,5.663774602794971,42.43652894349938,18.296721619630198
27.967660621260308,64.42458346831216,993.7624273430589,7.109573097362824,78.8072927588106,26.6738040591271
35.34318160452397,66.25358065935004,1008.0859705763116,0.0,16.793623980141792,37.0528513281242
35.08237150002283,30.456752493685656,998.0949120027286,4.303766792536474,28.579247711059697,32.56749910067773
24.028360274694172,54.25186495467659,992.3905281379599,19.114262417784893,33.808558133395486,25.307981843628365
25.24023387477522,53.47226020817974,1009.2318598862045,27.622503018446743,10.582075270452329,26.119340975363947
41.83045596592079,27.53928187035331,1012.390950078176,17.08477559239271,50.180481507606785,41.112670438308406
31.58711926332877,40.57801108734358,1012.7402823789412,11.355702229652795,19.226013412649568,29.800175835751332
36.06843017977225,40.303551726887314,1013.1045363631772,8.976284370422583,63.41858894496586,33.6199354101556
38.88172701501542,28.8886661059124,990.6066988115346,5.304529304965464,19.00923595730183,38.26204992268469
35.202874759338854,46.63617053925797,995.7508476488327,26.418361295378183,12.350625733927533,33.24471373078954
15.925739038514163,72.32126496558338,1025.761692931323,10.678759086949375,96.90867275989245,13.227956874869326
27.98946347960231,58.26350727268589,998.5751211593067,26.80940881043753,65.82403058111062,27.902145345093377
13.260613034065436,79.83393871371113,1013.4975692802302,21.754636567270428,93.64509147084885,12.952940958308092
30.89350805004795,55.028468154843885,1001.8175614050074,0.0,48.9887791993232,29.26324996250996
40.57118170200995,33.18451503749451,1008.7170546534081,7.338333229684958,3.3402463063374244,40.63987103362774
26.407426057603562,73.67837943754418,1002.3007121795376,7.316684130783243,57.43711704314439,26.798078865274288
23.85511977176855,62.28552526279238,1013.0538703915768,11.441075451259824,55.83288868357085,24.796301922800172
11.146968045381222,63.93701831319888,1009.2309670558503,11.577800228203726,1.4975605936593972,11.783902255265877
40.71278471453505,27.947456197794445,1003.9653920372019,32.973673667787,86.12420444018316,39.82096308335672
13.296085892165081,61.796651544138115,998.5484509228736,4.459404878676689,61.997068061642466,13.545065403028321
11.314530985755102,78.73260710386556,1010.4099677774326,13.60278954965073,74.46911693761461,11.860932607633137
17.87413156815803,68.10806743374418,997.0855308086167,16.315554197274622,49.39211061575146,16.152913784878763
12.096973885388238,73.7119822829914,1011.8473293790876,11.988995968715626,61.8402437908263,11.326138712735064
24.563770957176395,75.46994101129835,1031.638364181332,12.771264044469506,25.74698932285242,23.66255078956452
26.514809640227597,60.945389014285276,1020.1515304613581,4.68633773985389,97.37577677686473,24.692777462475107
20.002238368914686,71.80554125664439,1014.4651309820474,12.745403362218772,40.07200075476651,20.018480002762068
11.630735442396354,70.68684570498846,1007.2295343203297,15.579792973220602,16.232662133762908,12.335900250081302
13.571211783975254,67.32858378258778,990.5512263569683,14.2932040898979,5.591541837462732,14.63646577286372
22.3041400956777,62.95344085404298,996.0994224368983,15.99140632738464,63.61719330853711,21.65591204067636
11.936910426449156,79.07553699886653,1019.5451357049244,21.888255304453622,98.33798511764557,9.677798589042403
32.34207121951723,33.253504194784355,1000.892195278877,18.55876579340039,89.57944968462816,31.95479409811688
16.624657328793983,69.45179069045246,1001.7067311165235,12.499062294482059,70.21045674864136,16.558387284629198
19.666290201076432,66.59645587142721,1006.5091457188438,3.797691536817055,99.05979289928608,17.52896890516915
22.61202486969912,60.49137061276725,998.441583670381,7.799963077022164,72.28282620421065,21.843635406738496
23.331508258212732,54.66218972681813,996.9590813890353,10.462581936578093,33.9251123401396,21.022107716578038
10.053142645593617,76.10666170852014,1007.5457333449672,13.766420819390131,60.121813306017316,9.66989592402847
13.586251871958321,73.88506123707808,999.9762349079517,8.651670669504234,7.976664248556153,13.849704206954897
37.6084660397081,41.19412443130364,1001.3308327819899,5.449867605709539,22.168249022254084,36.44326305752482
10.03945800038106,85.281118559852,1000.9692807646769,3.6826091761576407,41.75402359284922,12.376746117092877
26.261355386012003,65.56788432988957,1012.7012419245102,0.44175568661128395,20.181849356304525,24.72349028881619
25.66406420823066,55.43232510984755,1005.9108687855418,10.355345073578018,95.35010148281707,25.26506604138348
20.65901315234041,61.395181360183535,1006.3928522889553,1.7123419055078646,99.55975267446495,22.273653462957093
23.80246464468639,63.98767165347918,1013.3725130757799,4.996320210898254,37.093592012166546,24.596783094888927
34.9785964008507,49.16779455005332,1006.7216435259036,9.242686890089882,70.92289860771986,33.82224405536383
36.918518598878606,37.99454456555494,1005.4957160838854,2.648578834259963,40.77707306632406,34.68315048696092
18.331153389288,74.74297540126179,1012.2340532001315,14.658265319490878,13.95092043862064,16.61080147939931
20.319694110967355,73.37312626834512,1014.0137805920186,17.18156144523981,33.69268477021086,19.361097589749463
17.759451296906647,79.58228734475475,1006.6763385044226,8.15401086157221,23.33716987156632,17.16911751820694
25.355628817634084,72.46090546818915,1008.7254699805846,8.940808846729988,32.807822040741975,24.348675290538548
31.864267445082014,41.86548309535557,1000.9638879324001,15.762008390973541,21.502168839771652,30.84885012115162
17.304092014829457,70.02025225315738,1000.2538526115193,7.0020343193572465,11.23451190582464,17.567166207674067
20.583543745755733,65.24408314160345,1014.9223275177013,6.520862618818934,21.742842936241292,20.80132905597699
39.77230776285282,36.54556519560335,1012.0044785629016,20.375489347304033,90.57570318298428,36.23176743323915
11.554217275102658,73.05228159422006,1012.0976859457492,18.189314170989512,8.522167577652873,10.613739085487634
24.74462736766612,47.23579429103556,1010.5276891385297,16.210850016407438,32.47566437552345,23.588943332904872
32.76985733109689,48.225142438141546,1008.4158294823346,18.47951234975865,52.84498945026353,31.384578532361978
14.81452836983917,67.3720885873499,1014.267707017405,0.0,35.45126561783568,16.682754100395822
11.51596864017542,78.98979331772665,1016.4159788492051,21.476848827551752,51.760709501888726,11.09213833174644
14.422571892432984,67.73492242238135,1016.2010520467159,14.744434816086194,4.342006023435396,12.200096458035377
39.40234219298185,29.06933705342159,1007.0929987564862,19.075469688040144,64.85696333643777,38.16599628232252
10.29631301827595,81.94473300651505,1020.4829345691795,14.710132453814538,56.34788015560602,10.246868154774383
16.02630319396326,72.96923258320524,1010.0561461355909,12.342473772761092,68.09662658546915,15.214091212968691
11.001072412852626,83.68270077193115,1013.6913857330921,10.072835513465618,56.7257815827237,9.200845003966572
13.540142961990504,92.85370283645477,1010.538791017514,14.570010638203438,43.79035824256632,15.719548991266581
29.84477717210548,53.94338935013383,1010.2230603673576,9.817764637668136,35.01415422940825,27.859804482472878
17.732445079650745,73.16860877101945,1001.3782320877472,18.075132700455786,22.64351900997762,18.614274206826263
28.214785613781658,45.468070229077995,1014.3121575451034,0.8948034881345972,50.00677268066126,27.379434755352356
28.886252248516037,42.81967471536075,1033.6076495541688,8.208968967440056,2.6052452377506974,28.227424656572943
37.18193065887293,53.74883611882092,1004.6268443268892,26.313762739336525,32.82408280993258,38.44940479637588
10.151724573179965,72.89216112942262,1008.6389524388245,7.617436754993253,67.78722935645294,10.300071298758603
37.30782269895573,32.55210451476505,1003.9841526208746,10.329213938555654,10.871703968635927,35.90039659912437
29.811810765663168,51.46008302005598,1003.6078208859426,5.821933466549466,6.289124231952858,31.023965547128807
15.207791555358643,72.22716293771087,1021.900045303068,14.350919710200767,65.21786052913653,13.353718822007838
34.73399642032909,37.41565313897649,1001.9432608404528,6.846145769004636,39.777472114235024,34.10208294384908
37.37572933729874,38.36540671121202,1003.7332757397028,10.70072345635065,80.1825036549381,34.40269645849693
18.136431480133034,78.53718009500793,993.7125645864182,17.942065752245494,93.73113039713239,16.537253000873484
39.40139778888579,31.42002433546123,1001.1814944791198,7.108656068296289,95.7040453732577,37.83580574131812
24.54263776955705,48.26379535921291,992.6244009634198,17.520277834856547,42.55928538941792,24.528006244414296
29.309582538666287,60.04185428613223,1013.6862422929073,17.755605208922496,26.43272242750323,26.55694810544796
41.50878507576459,38.75063693564564,1033.1972749965357,19.384692663035057,60.8613738742478,39.73813026145217
21.56915451645438,58.76057698595186,1004.6998908571453,12.983786964426281,62.819292592823636,19.80781831271158
36.02109906624361,30.11207022493143,992.9991786030879,34.6888135388375,62.23449360758967,36.08834262257407
20.18877177051071,59.76929408125096,1016.0999969798676,19.381735875794575,32.17786137188811,18.86714133143025
35.57483271172771,42.97885707320065,1001.4576753696285,14.274143370847785,6.375173641730303,33.82150211278472
29.22348540360456,61.95132288384394,1019.6941223749818,5.868529101427854,21.000483882559895,28.721300331710978
16.923382247212846,62.168439942584115,1005.4617385698905,11.320586118881014,15.441942802223373,15.702876530770274
23.248835001255564,60.61303019608764,1002.313658798255,21.984288838300238,12.390034578331022,24.566519253909206
20.164340299633974,71.16286384468992,1006.3983819982889,23.966742309383882,92.6283321071573,19.082163427996033
12.499468578571644,57.82563184009575,1014.8199908484257,22.348303703081605,1.3847645973967926,11.730511105342964
10.95471264319032,87.38595601088524,1005.9532143231991,17.49634614710734,60.18577392363217,11.508996747136175
21.08731697302979,54.9637858114553,1003.5294776748567,3.210378555930996,94.74737957401368,18.842187603760916
10.60909273015957,82.2727794889241,1006.2105155731902,15.41013272477969,36.00531274941279,9.097113643887814
15.295608242616801,74.7948332450916,996.553303339492,3.310183353629016,52.70980891724625,15.989034344819558
33.205866267227805,55.52818504423045,1011.5732844206458,1.5877016463346898,69.57836634751597,30.910882063196176
32.65891954187481,52.05196171142985,991.9194606553958,13.67411079204067,31.716969465823887,31.201287649375736
33.63457236663625,27.211546134537596,1004.0029069107104,15.662396130888252,47.765198770724915,33.2287609999852
20.14890147615932,59.50585888232106,1014.8344668794767,18.323639689365635,81.7102850332752,19.342069604608508
38.48062262776625,40.308738224565175,1010.7274345463944,15.479953682702657,74.53556652802635,35.34021945868812
29.002577536910323,51.386423482521735,1013.3128851568775,15.721101900199237,80.84494114928407,26.730204763958056
14.032842935892049,78.4732635810107,1007.4145889455307,5.107431905053366,98.7340163627656,12.27894407454401
14.598997166577092,80.14638655382086,1018.5277156288696,11.265163207207335,37.032747493617904,16.343604033407725
32.179053661750444,53.20798608189929,1016.3222927709281,1.4501825005585847,74.70912629357731,32.00757277936719
15.534205966146498,70.76120180865186,1012.0152690382291,0.0,60.27845671019829,14.559346299296068
26.233366450625386,42.19092255762935,1016.3479119958218,17.18449896890152,66.66047672211963,25.203149519818883
41.73678322971874,30.837814326069292,1014.7538119896321,6.728129243463289,73.98739048329345,38.2599667329345
10.128243351466864,83.6449923254847,1004.044828379878,18.107489515001376,74.97313169463148,8.950011393275256
10.530553660721822,71.00711917154953,995.904909794778,19.75843304516027,88.57451492948196,10.061349742356926
41.77870662177621,39.47107323939711,1011.7832591325836,7.664778727637616,34.93216752360554,41.24359425471506
28.708442692293296,60.639904474313155,1012.9148030774828,16.13217766188709,65.34813561119105,27.485914420574833
14.06111921659242,75.62631294630772,1017.8142479202471,7.371902899704509,28.029043159685585,14.061851805787626
38.71367039213099,20.0,999.5731085245924,0.0,59.45687051169751,37.514132899573646
38.17216960408615,29.425647172380657,999.8421204665055,12.86316583109721,75.11751401719279,36.48909653147513
27.158413219564007,70.70981410008085,1012.1391023967699,8.703882841989675,79.10010861616404,25.945044083000226
29.89734495554421,47.27654747023387,1007.3594971003222,8.919376925890077,42.01245029891227,28.550460208322473
18.741990128028043,51.95096852932737,991.0281455048598,25.827401824918677,50.872022320135976,18.46274675825527
11.616630283904165,88.03786519482114,1011.3759734737877,1.319001120871297,33.38498511701729,12.393034707651582
29.02616348450766,53.018907679813275,991.3281937650994,14.680097947600297,16.903634653963053,29.331095016602756
19.432166182488416,75.6628829470536,999.4926910331396,5.03634933998674,26.05174051925322,18.428902435652798
31.235873493131262,51.923652836714595,1020.165132355741,18.35782986487127,91.21370048998244,28.109466416778897
36.75984565896324,45.36669688420065,1024.423911160264,14.08901865322546,30.896954240931596,35.798468570947456
10.58113740525965,82.56142474408965,997.0590926837524,14.655410444264295,97.47593335456102,11.985604152484123
29.062840789943277,58.43878734995025,1005.0354761632858,5.385772676784181,24.147808521538174,29.048749751406962
17.400977269979272,87.98802654697884,1008.3836027077084,6.640884606981736,72.30710874810448,16.731028516008628
37.96443193292164,47.71962438493712,1024.0310423482342,18.490753551421204,57.39032935718357,36.46902709067642
18.11726420997851,56.08725235276688,1003.5641794695804,24.39558405209294,69.68700495247985,15.660148957978825
29.544644263533385,55.73355794010782,1003.7080437927006,15.36215472056931,64.3957946609181,30.234665146234054
27.713306882867567,63.94755116466777,1021.9385300261657,5.718054954599971,70.67485835975891,26.722036794978187
22.677328001895965,71.73948084954002,1004.6268976255357,14.372569657234479,90.55470484354589,21.06516223843529
31.68386443519341,45.64555670449676,1014.4998153806981,28.992304310363266,56.346949606248145,29.82433038230843
33.224628310893884,56.14384451070889,994.7057133139881,12.716959675032381,6.78487829039952,32.77575716556031
28.142009450220378,61.616025493590094,1006.4589053031691,22.232886015755195,27.082543444689954,29.210169904509538
34.26951158991213,65.88934769038525,993.0636284550624,6.817694439129016,70.82189804087639,33.84924890251327
41.469346431774,28.86943378393961,998.5010959713986,11.705397638545293,49.407462797567334,40.53139610164762
23.416716412825764,56.98655659019924,1015.5528121963704,16.336956442878797,54.85519826196869,22.938176053573883
26.46665766033699,54.17439400483173,1007.5508514802195,14.781298157840048,59.65804553802915,24.59085787083518
10.399036094118824,75.9996204632175,1005.1280483350232,6.635279239221875,38.262927298456994,10.67840611944816
35.47291380193211,36.44410898908962,1001.2612533841717,6.3333778000858025,77.38955250878551,34.53151991097942
26.647362145471803,34.25992084367594,1006.0140953408285,18.91799082171861,72.35348838965486,23.124706548943163
23.054765771538086,58.092993841484706,1010.7100185039062,20.340855688551017,71.42994121931139,22.117181059445965
13.010302818860666,79.08992539025127,1016.8462458581558,22.58500490685344,71.53101740349447,11.983115573484431
38.46900549361271,35.274167270214285,984.3736798431288,24.627513382770076,89.03580016542479,37.4470155885228
22.640231681297806,77.65471353035106,1000.5141494316347,12.942336054258176,59.53927794432744,22.563926561329474
31.842611142695052,48.93522034481908,1009.431866179701,9.821605290378846,96.70721994969583,30.614604647942922
14.779973003780825,83.8972715859909,1007.1102319563395,21.456936571449283,11.91926843906379,16.60910246621525
40.76958814531304,37.97546049113585,1011.6303861827405,16.991484972961107,63.19589765938643,37.73730474526745
15.71013637829859,78.8315607306131,1010.407862575139,5.12281318932686,71.69265459357955,14.858544911302708
16.385343772783692,73.47518396093216,1005.2561892330593,4.76455034136762,47.722041095435955,17.084772704115476
37.48745153784684,51.59347232535059,1003.2583212361154,15.443511409494164,28.820838645693648,37.521524874870835
39.2026478125418,38.603675472873604,1005.7904865923805,10.759077369612003,55.003745271109906,38.567650996734486
16.788717040745645,74.6253259556291,1018.3386811484047,11.814990316815118,36.47476802907027,19.571421966198695
25.033628421594493,61.631902257888335,1001.4119286038485,19.507733552971363,90.91240710678164,24.72488301661219
33.471836946010555,44.15955276326615,1007.4347394917044,17.31326001489525,35.679241253325486,33.83794566308056
38.10770348194565,42.98368850257622,1009.6500799259858,21.309112738929024,17.57069927021291,36.786644005934264
22.129686241193767,80.7870449198505,1022.0431583688701,0.0,57.638914016545286,20.39969000440429
26.544623579181735,54.347120273422945,1005.2972256758732,13.773785420548405,39.599259138036935,25.522598525055077
33.73492513663152,49.44007769471028,1016.6292599040986,16.86281965678045,9.589814480084103,33.72964666038486
33.39635125288945,56.637522290265835,1019.0878146293852,1.3138990031862114,56.48423509979084,32.835948220657784
35.054724160834716,53.2926762143439,1007.4262116150842,7.415730510830195,53.78464111657014,34.73712646179024
28.237882196528844,54.1488021567881,1006.1035291883092,6.116603863697567,17.31970866331951,27.707830091194783
13.347683097752807,56.578749884599546,1005.0385169515661,12.151887197419413,59.76381689598429,12.106340836682051
38.92714530809728,42.68926185244667,1005.6975917918168,23.394977780858447,56.7358973857489,37.38219207985849
37.6983212582729,22.581640106519878,1015.6881587451915,26.158125832654306,77.3612623041591,36.088965832414765
35.53911794618666,55.2277768255592,1010.0790897952996,6.299987128487024,36.15699298426344,35.93363345367073
13.195599269143344,77.22217202928823,1010.1176073825288,15.68590075345502,24.87595236636393,11.88868968992301
16.540715746605734,79.0133543263976,997.8729884065815,15.911584964996205,95.12198869707755,16.9824336881182
33.79521168344486,38.780053953556546,999.2925893036229,14.713380400603235,56.12175227827881,31.975305055199296
10.740483026622286,67.00623982499725,1027.2910214229928,14.792857443174638,2.7139958884180304,10.629319870013573
41.33518827863295,37.15001206911157,1006.3995684724018,14.126197517159296,82.07116841117433,39.475469216628724
22.068629771381783,62.73165931184728,1001.0270520397947,23.81299084564494,19.675806091894078,23.72017718354759
33.01800107810635,43.19157182748847,1020.8798924903036,19.717265600576404,78.60363176458435,30.47215021987018
38.40227483161739,39.993991740016895,1010.536276938152,4.57892271681213,70.51624271559648,37.22407361986646
22.628156420802632,84.32866032609427,1013.2033942517807,17.570047566163844,96.88137242631572,22.428328593907242
20.212239635189313,72.36845690792796,1006.7575763224662,18.246613621580167,96.55793015945262,18.15405105935186
29.479716124743895,60.650400466027904,1005.1319421848087,14.204771010062522,27.441062465575992,29.048951065645912
28.591659959937623,60.2935881905173,1006.4737226475244,19.919970593519103,76.64495812234185,27.179218542337992
23.09247928399351,73.35160218902695,995.5553564673123,13.31651824009326,31.685508577992394,22.7503322510185
29.25679218776667,51.057077944532374,1007.2086533152209,13.403274047533756,62.91979388295943,27.66195220911624
39.93220382612783,20.660213990712297,1010.6642976933836,12.848683812739303,59.77460849545931,39.36630466381655
24.964488212051087,57.29280302847785,1024.6541691045938,0.0,5.454351562116466,23.65519926864445
16.295749784020202,77.86504849314272,1008.7739915850469,11.437211242658883,0.5181749835357574,17.307887847907768
22.070591452256124,55.239239233308034,986.9924066201072,7.322245978818005,5.776401459480951,22.988234958689947
22.611423442979795,60.802508403764655,1007.1541311049384,3.6948641526520998,12.79420475317411,20.889677413685025
14.195478176839035,68.88239869956489,1032.6555371979748,22.03812799317666,25.765249134777367,13.59672837501626
15.211888017745757,84.95899638901369,1015.7972961148654,15.529452629741204,90.69552232425625,12.623865296515161
31.905986348597672,54.73197591778589,1000.7019995057227,11.791182433388165,51.86326753466864,32.0738254634232
20.863288134684886,69.96055716985857,1013.319958629875,8.046376542283015,79.68917388407887,19.34136867575867
40.55674853938584,41.1655251228583,1001.3218791759923,14.07318709240118,83.83117521072082,39.195370130013444
17.795095851475438,68.8991169949436,995.8157323240782,18.940052653222594,73.49430985905411,15.793034539388026
13.165584163354314,77.49035322335628,1004.8646757308934,6.211239095171415,39.13851244205719,13.402973678664962
34.11214601600825,36.055911632529494,1008.8237379531497,11.966201394063729,86.38593938409828,33.470030582323666
38.19315366137184,22.128391361006297,991.1506004780995,18.076465491958206,74.20497533209206,35.77689783219602
18.89962741988761,68.79618928392316,997.6575663851522,0.0,74.31514434050524,17.986135093046485
16.466819252655295,73.71503413382699,1008.0930200686412,11.597011663162172,90.15743271655693,16.18634922934391
15.94451631587479,81.55456788938457,1004.3264414160994,8.99496040616723,59.86634724576837,16.43219159766202
26.704393643728395,68.84931574525277,1011.5533014403148,11.063190995714763,52.857442996217664,23.171819074981013
24.98933251989667,71.3254557261414,997.067985054223,8.48860010539668,89.01625575970753,26.977587201678098
18.302074875345095,60.47780268439858,1014.4270237369797,12.96337223645107,45.44617281641968,18.069643517865618
11.445539743661644,75.58584709209246,997.3461681264582,25.465390542959028,81.15706960288429,11.737110566473598
25.407722890440983,62.00147617591161,1022.7846087174387,9.732542682500142,5.384636044480773,24.653248552915226
40.69863512433947,56.242216491645195,992.5581754405952,14.041977063658747,0.1289944456322134,38.78942666545363
30.880614424085223,62.06390271478776,998.1670115665493,25.963224928863788,52.829248960435685,31.109744024381207
25.85620981211579,66.46367306841915,1011.7563372272865,8.149890951392113,7.361189381638022,25.098071892289465
13.542146368947716,72.26158412063148,1022.9780992634787,24.702727442502784,97.65430134530637,12.485669820653028
18.077961297586793,61.72135906925815,1010.8353873250455,12.03726104638975,0.5501174039798773,17.660923325943603
19.432766386385367,73.13375180680714,1013.0657212816416,24.473273581054485,71.81496364986464,18.692158703380386
34.4737136834315,36.20782504514945,1008.1578321150575,17.251407874624235,24.338469578622068,32.46580255115543
38.05474551246782,37.913128199079246,998.7624139129632,14.149758538076952,96.75520052720562,37.57239790169395
38.852539314126034,37.74559440250187,1003.5887548658455,11.540585226793894,38.154165062789616,36.48393739169902
41.50619546402413,47.55931329014747,997.0928125201685,7.631709920845526,2.728342626386515,44.226502278387095
41.435733859345035,32.08060748027228,996.4916102900081,12.53054084975047,2.693576540878273,43.69320839439993
40.495972248575406,20.0,1011.6157402738777,18.28153021314017,55.33733717246886,40.46054525164335
12.2983084960923,81.20300986196592,997.8913981612084,11.908219983023306,98.67119790312812,13.43935725539661
14.409393149689766,68.51420510811842,1010.8759860605103,9.783640364566995,97.97735350457194,13.19329696677743
19.742928847233053,66.71380136701404,996.2835952300102,10.24452226075559,33.72729722892658,21.256575127813974
27.692744130062767,54.151883404672,1010.6674471810508,18.94733629508137,48.2703649188897,26.542472333573293
13.103292438575338,73.81059399752361,1003.6018568793334,20.57613018569899,10.04558057978161,11.37235393674243
37.06550264966856,47.57774581225822,1020.6595398028558,7.329946403621407,52.217685599173166,37.482152836256624
29.73619773047389,39.6195942639912,1010.9134700602116,7.319884997867572,59.97015990482731,29.752905641653726
27.35566087367056,51.19817793354281,1019.1220460369473,14.655512437669787,25.106166561132103,26.26866355891781
15.289962347753317,78.30185790069673,1001.1991795521733,22.692724453300784,61.21144359151738,13.497310038889667
18.104175180806315,63.83626778507589,1008.5052900621976,20.02193215818792,89.96927516962539,16.163929830478644
15.129984799432258,60.19106836666346,999.1702155769535,3.2370345147406194,0.09553334234805311,13.324016240166952
37.261861049433556,46.31874422437523,1004.2775528153003,10.151468210056965,22.893377430794448,37.85176537269844
28.695291521958982,62.37658433669179,1005.6410619952983,5.485775117173414,20.991956332393812,26.687650772205973
33.52414168062827,46.03003290194496,1001.4672760138158,10.127412346593193,12.388620303382702,33.54177802099008
19.473051613120823,51.07731037321855,997.0604742703888,23.230869972247483,16.610121273710188,18.127958640867078
21.88008438682487,68.92163561269447,995.2783440871261,2.0417954585188802,62.59125453653876,20.17349172740164
22.95535886164908,48.43562659925133,986.9422669586335,0.6679429470386697,10.269439015064263,23.67904005378501
34.32047909580912,47.7056995258621,998.4928818284689,6.200120925964783,73.85316090207216,33.07247135009259
34.71529560558618,37.56311077396276,1013.6474450700466,14.01117421803195,88.70225905583834,33.77091147939943
16.618032880449014,61.625138037213205,993.6135132118804,16.345283744485297,92.6587724178369,14.359941670074305
40.12924341561917,33.27731691071468,995.6868943837203,15.062139044030733,66.01758143197009,38.045027980412044
13.860970798197965,73.43521189119488,1024.1180871410963,20.229797822617115,19.739641063361603,10.291535341782946
38.67590663755617,33.76626937245197,1002.2715355513657,0.0,8.529657553990788,35.62198771812827
13.212660660793897,80.55126826757005,1010.8894140824835,20.31835576851256,23.20249538069996,15.263983418168813
18.465273956841955,64.6567977349085,1013.7808543185045,9.81533275967596,96.19571857850426,19.673657279370396
37.08731315417462,49.064922899821376,1013.9627351680315,17.120460168634075,96.23452017507121,35.37852941692153
15.743746315074798,74.42095316828939,994.2991719245275,2.7360220126575694,38.191888391834205,15.21265355090591
23.234173801919034,55.72999033444694,1005.9204628809046,12.03469687906349,32.57915410975506,22.359494255720215
24.39549759821204,52.69900941193426,993.4359545743345,13.653895394123095,51.00105822590654,25.03822065058723
17.84828713674271,55.940013259343566,1030.016860730193,20.090257262488926,29.16880914674007,15.772280178397406
32.72784644275157,49.8704880809448,993.6461226238596,0.903217641745643,97.96624516555633,32.19530213385203
37.24270878087052,38.16137188972688,998.5694380301716,12.21526783974433,22.122139002457743,36.65116499733529
37.98640447537829,20.942149286193363,998.6345923064265,4.403352962004999,36.91426821827686,36.25794070077336
20.85830866356995,60.469733455668376,994.530055709494,15.538472309457926,42.93708757001783,20.040131202528666
26.987212617210062,48.66026947100579,1020.1733451878089,17.440515755192884,12.506402308116215,26.29063120714364
17.949004923700848,81.57936359799905,1029.8020311097514,21.010191697556614,38.282482677012986,15.840578918464418
17.833488049604654,55.519213432926776,1003.7182579261864,8.254793819841378,85.67307201019733,17.361741419880005
15.160130011261572,61.487005085798295,996.1161916784004,18.490585399821533,14.036100145675846,14.6710799391386
40.080608345840474,45.762875043376916,987.8676705114658,21.52631111233937,58.402195082618725,39.61885257858793
38.41564251537856,50.1514236124128,1005.803021533301,0.4972712110117321,40.66371380600168,39.535161983955376
34.87547882648615,38.47069219178995,1005.152711191547,16.286414440689153,17.053672611745473,33.862271254031064
26.56516868120733,51.423818829778085,1002.1383348627587,18.70957877646074,1.2336164449205822,27.433111824670277
25.6994532963799,62.665675892675644,1009.992377285786,10.188915295287938,27.334330348990022,23.159510122130627
26.951861317839935,37.30300271356961,1011.5565582853394,3.5245849573242403,6.182896069800192,25.682883947254147
27.170176434466857,40.71369469397861,1010.9077493214411,18.60069029276764,37.67684712967352,25.95753933003127
23.90601871032609,58.090405663221475,1005.1548761522836,3.603438207095703,81.02098556993457,25.353741287057517
14.216154652546159,86.78570028284108,998.0854035338316,10.751539958423683,71.96852608776125,11.94871550371645
14.021243291793152,71.18335652156603,1013.9924978802604,11.719131595376696,94.73837117017669,12.752833121992953
40.471990907061866,37.12310751864153,1008.1126238347938,17.008766361927997,42.70154173370692,40.95057708659044
25.424984306763218,67.20408693570543,1015.9952177235118,7.613579083412272,70.78013985918528,23.52182327170105
40.502576796966046,53.1263415106244,1015.1106799452501,7.207914178205015,66.53417221020203,39.02330244240698
15.23446008672352,68.2952450890644,995.204141378576,12.692408351341776,21.704630315825955,15.923864133652556
27.741329665277874,54.64037819547968,995.0920001328816,19.044733343338244,30.358250523265852,27.69842517352207
16.646952107249255,85.43836121523131,1001.2001335313353,28.012150004572028,52.98295333977603,18.38481689441899
18.10190739605125,56.57464007419427,998.493611325384,1.4476316015485793,79.66573190059219,18.03011942197056
10.961746520357721,87.32611610991188,1014.7972659837849,14.207394124506047,46.18127344629326,12.315414212693481
13.806505943686762,66.83404212276413,1011.1617870838912,4.394254816359957,22.774153617552727,13.207297989942667
39.33914904413426,38.778012822830576,1017.8926559440678,19.131678702447196,99.34656902803698,36.162196868181795
20.289055727434615,63.63991681601761,1011.5683813566983,5.430188168835369,11.557880635366846,19.872854514063615
29.46013478126693,44.61871176155312,1009.8778462368604,7.277462472723734,95.58889074913279,26.465893231475903
24.880452223656736,51.058528854431536,1018.7975680230975,7.875103986552026,80.90462884304887,23.871607181786707
22.814439847848906,64.13037713464912,1012.2275460576154,11.466607428961373,83.88935193078518,21.218610272001577
27.02035492307418,63.78479998684389,1008.6129086709394,14.262383178010953,79.49175830914994,25.20175244237543
15.991646227690929,70.77422334434013,1021.3240773053761,15.385909755259595,20.8170941304622,15.991297691996252
41.635324752626445,35.18968437855738,1009.0366279483751,11.959627176720517,63.25823773952418,38.75695380827284
36.185851798523615,47.09990742246914,1005.2609345557387,2.6907628429159303,75.67498124509318,36.05228592514783
33.73166824740849,38.31613085715401,1000.4595906710011,17.094503052171326,74.56857921016514,31.8019569737016
25.00029750444648,64.667108685856,1014.3272291314087,11.629289354358804,27.15653705440776,25.876232281875247
14.892067908042751,79.96124630981599,1019.1334548765822,20.132143530102894,18.11193877636814,14.075421202374024
39.46130746475417,58.61011456610973,1007.5447133870991,7.045828543640443,32.81229839145492,39.805214465744974
20.924386156215284,61.65080654901118,1019.7712406140186,0.7840769085430388,47.98444803773918,20.30421098617076
11.60341407030188,74.51039518471725,990.2698647122559,11.761817981218472,57.378074706367656,12.704161313309895
20.956917657940117,70.7641963685768,1007.5009196267288,21.071668817989853,83.69503623191605,20.116796177289373
35.4226249758683,50.190027136288066,1007.6391457910601,13.126594956312356,76.9034227704616,32.15980887431735
29.92667983962266,47.325617005533445,1001.4570506483338,10.602311405790005,67.61505256665161,30.172153503055828
34.026834711835505,42.435788252398126,1029.4547493418368,5.907570876397968,26.348929294276058,32.43407025692521
35.39633228359608,48.004364894530006,1007.4042663058011,24.304365266765757,47.88804989349433,35.177576204558356
16.782547554577363,64.04463211998552,1004.3304230555601,4.792781835806545,33.54358741279611,17.47660120087695
39.56106611498177,34.35218222915632,1008.2336590209015,6.922240196602321,23.492817955053415,37.70222268876603
24.015667293451923,60.89402456344219,989.9746763532676,15.99023937258816,1.0245360383479452,23.396031007796495
30.448436776453267,58.81727615272083,1001.1611886718957,0.0,33.946197057069064,31.162298833808915
10.073880722775744,75.55608402253884,1016.8491597250087,20.92213465766938,25.61162677146215,9.230225452575699
41.78779194915769,20.0,1002.339491805605,16.36935179952149,57.19023269668166,41.253693746569745
18.988684350852964,52.13362795111751,1000.5401235347975,18.294617502677767,6.2301770283712194,18.5602143550887
11.986019409284967,67.54496732288771,1019.7857307286296,15.90681908364758,27.05195967102011,12.504288490235172
24.664385329168447,48.73129952710626,1020.0622896085665,10.87213537780541,4.476948998841534,24.3440312373106
14.128961829825336,73.27611927779398,1012.6529142494503,4.557959028912039,64.14179045134361,13.916838057559865
14.874454725042423,63.920999419907645,1003.903943993652,11.019471911425276,56.81895585686249,13.91185026758596
30.233050016966725,45.540037796828614,1005.844760413953,5.1733458177315566,33.74800230744732,29.852801231864365
22.573676530247464,56.07548195128478,1000.7626503458254,15.403087170534684,14.73346004355438,23.83123698527667
39.49927840495984,34.20198342602429,999.0470419287421,17.64745881383671,95.79198327687351,37.76046491473694
20.21300782745824,76.27117330237053,998.6002516052241,22.337660418387454,58.43924473886134,20.607838861857978
33.237764108284836,52.10082275843112,1002.4375103389332,14.602373483870043,67.91133665720679,32.337825144286455
24.755181764957044,59.23402176302032,998.6875110838373,18.472027496166305,53.134875326945185,24.366379273538417
31.11844163613692,46.19004938295476,993.9266539331117,9.919986839389004,80.6533247646205,32.31245323109339
29.190251414911693,49.20827419539388,1009.9746240277851,8.652060033942636,89.63800495481213,29.187029326002808
25.129087128287942,61.18479542359808,1010.1113602280409,15.31570323571761,38.27105435976298,24.57015867357125
40.401955027981984,41.09051779624444,1023.3071348258549,9.294689890981639,69.00253122306106,38.78047836679202
20.966836568158588,57.33714692736525,1001.9849546848077,13.884300521793604,22.988748454639698,19.867764832265326
15.671536039976722,72.56811878694761,1010.6649053066094,4.571654674652053,65.18550471620385,14.945385627662958
31.699009948154504,32.783479025871756,1010.8144132134732,5.828606222665893,39.915562997655265,30.832468138408224
37.07224196185308,42.93895942867781,1005.7154619498702,16.44786510712803,0.6781599401304961,37.56721159559765
11.28811967807756,84.72942040245704,1014.6990022987471,18.206830527842673,95.55278684226207,11.221598792367626
24.388246029525778,57.39649424214062,1014.9770626816564,5.100406817233236,86.84415455387189,21.738913147279245
38.559606069994445,53.6207871676289,1010.9466998567779,16.694300173544946,29.08365503460284,38.94486926747326
33.98779580553176,38.667788502490545,1005.6992426545698,8.270850288753078,99.77573142328605,32.207304527654024
41.7378469279241,36.21964527693614,1004.7822290230092,12.11553623340217,31.712767455653413,39.59793755556006
27.0052419711118,55.555801168560244,995.6902149108265,21.91861091053453,45.88441864590747,28.10849314322467
31.11986300163684,49.07381730807931,1000.7467399924408,17.65241063816064,85.12590261744171,31.642253107792744
19.6793689964137,65.55033761116215,1002.4019322848848,17.57110391615535,30.459635132804085,19.77376069344614
40.32113918931175,37.39118841557374,997.8842541381351,25.361532509198767,45.05402843875,40.08836640072207
21.72273563380916,70.28570327868631,1011.959315700189,7.072844612651416,66.55871671232555,21.96122541318739
33.632342805972115,57.25499282153839,1018.769650820883,5.09887517505218,13.046755477242822,34.73836561227652
22.90048653181062,61.77629257284134,999.8274381090376,6.945144108399865,42.23503686917177,23.59778270645215
27.97820576201598,60.9541302224499,1010.5509729217017,10.218492626153694,30.940993736162646,25.889324240286662
33.033041120689475,41.48795480486601,998.6929997442326,0.0,67.6774305864818,34.620625131490556
26.285892856043336,63.01309898054703,1005.2557004615476,10.548002343122327,13.596939006037179,27.508031771530252
39.02676246110427,32.315262240782886,1001.7870337874,8.188004876735617,23.27314791009374,37.639006925535156
23.417631613689927,69.76971364885466,1013.4170608374579,17.48631837178459,71.13762037524828,21.193322063576275
30.706297540586405,68.16099558529564,1001.8909064354204,14.46693565307028,15.62243697241148,31.407042736039777
20.95559786560173,63.637711991106364,1017.1049437233598,7.795123605614641,42.20192622398897,19.87222024943177
23.061013383392417,44.02118266762173,1005.7885130370402,16.129725917540327,71.28807220926188,22.114147485558433
24.081603463473677,55.69709151200458,1002.1535666136465,17.06284141876639,76.54683844300052,23.97005092247628
14.025824585993128,84.51755542462439,996.7202526388935,6.6201794714601245,9.488117867166846,14.245803718759026
12.935157729888214,80.66863558786406,1010.2788405926582,8.548830212323072,85.19956094194782,10.981510932495386
31.359677540696254,51.51977635539067,1016.0569656200356,0.0,72.39723011299664,30.584893552970186
30.976567626977673,58.153323788521085,1010.4598913088319,4.365380179415006,33.92945886933138,29.843508749887768
31.21311085472305,53.616616774638956,1028.1494849977298,6.8027130770349515,76.380285233024,29.609596983864442
10.632526250966134,89.32463843570821,1020.8680870722337,12.519163236242152,72.8298865340659,8.32896386331479
20.449498965496957,72.7036159132053,1005.2322501175469,5.382321244481293,60.089122650838554,19.868390085632658
16.3299151122943,83.49522670906893,1005.1377530957363,8.405836090656237,55.84811734058444,17.178934233199424
34.9008455214084,47.26414266520786,1012.2272704753682,3.4226852289218073,73.47034888995854,34.34336110977677
37.540172844676164,47.8088245871712,1000.4578273761688,13.197797289718894,99.92599017054545,35.24166770288013
17.893772071236715,66.59701391202047,1018.4965947587924,14.980002162094353,57.85522493158853,15.450496621201067
31.371173083135563,44.700112536981386,1011.2544046965922,14.816557438938757,80.8717871762248,29.781528679865925
14.139609710664782,88.15170704288786,1010.3081301977268,12.086527923336815,74.4273717315583,14.450171222841073
18.804880819254826,69.462560222662,1014.1825830099374,1.2124890244902407,85.58084020338256,18.38746970282321
14.436943879469425,80.50547590166838,1023.5054689503215,7.6603243527500435,95.45248613841383,12.63398187850584
19.072664531175334,68.3345565450869,1009.5385981696876,9.148853293770609,19.30832074608152,19.313187631606517
31.591569515176893,44.50009899563379,1006.9826366621576,9.176932809555623,16.54596363951163,32.803769918177274
39.13046112592808,38.348694508063495,1021.5784766099032,12.524868525928854,58.635182841490085,37.55603560448928
16.48071705357395,82.59091241445948,1016.7079537439203,21.978789606597132,44.929506288650444,13.971161671533329
27.346529118423014,59.789453372522026,1005.1111814365465,17.6846734887922,57.072269291916925,26.808023153876444
32.44451523978984,34.263667624461064,1008.0466780379312,5.087375541059138,79.80427344855086,33.32799752340723
40.4935189915381,34.56244180966051,1009.7584282434492,16.748820127076435,93.17144800492464,36.956629934173705
29.521935452389563,66.45154393567283,1011.2563165014449,16.482116573660154,41.74158251985581,28.932345478861485
18.163421792876182,66.9526635055299,995.7906013415479,6.3575276893390456,71.79326455436245,17.642010140861235
30.01530102124596,37.07398398531991,994.117638529786,17.942061458448073,19.679918784140938,29.60897669180477
20.255717173696517,80.7736011815204,1000.0134898019779,10.877363548383157,53.455194935452354,20.575432760853502
41.23610850213465,40.66678275040711,999.3173540128979,2.1303255698988863,2.1804777780519924,42.4851254701241
22.78963632523638,61.39492445790484,1002.2055838742475,15.186419072459993,50.3750567133097,22.37619772090231
31.933687064352455,45.7248118680324,1013.71239577881,13.518732765301671,54.533645912549986,32.13684403672334
10.743282635096271,88.08105561744429,1006.4796375930773,10.406256595699206,73.54453357783312,10.412487897574309
22.80196627631217,57.60128169753781,1009.7675514450917,11.737828405116904,64.94847902069917,21.394307229862353
38.003443626320376,49.08105813796337,996.9812693096196,6.966401647780766,35.839673430580156,36.88263476345944
29.527278221863867,56.523008864091445,1003.8452201737115,16.270913526579765,0.5730900713121323,27.23051277810789
24.206172364671243,61.8585054751255,1013.2853189557036,11.695845558437519,11.548587362294892,24.17447826401135
39.94999998194323,38.23661846886708,1013.3545721235912,13.165141907637596,97.30606535174523,40.40366042694701
37.32750003671133,39.475380653055154,1001.4788355463088,14.499993471002107,92.23331583153058,36.34970820920352
20.310901562334024,73.9143136962898,1009.454961477416,3.917900699015725,32.509316308114535,21.096298569746065
27.425548865322867,48.310211488467175,1027.789630681341,5.740018846825636,25.885293992388767,25.65608562151874
25.674376194958807,44.796753502668054,1007.8416186366993,0.0,43.641629369003745,24.607938758284583
30.230480003675595,56.08132497781019,1001.761317484718,15.953195809432849,68.99400296120729,30.542351242051353
20.69156054268018,70.04714383765094,1006.4361384957406,3.5145298337726363,35.68276726579737,23.04145191542084
17.814560024508424,73.01081718455691,1008.8295939677415,12.927987969269566,6.729384773115554,19.70787578748334
39.205498728177155,41.41385380108744,1006.639484573785,14.59691757457687,40.27950924443964,39.13365804151983
39.5639839839522,35.06790019656893,1007.7178076939115,16.216469872247643,26.05889944814319,38.51313566376995
36.98633234438333,47.66967973572838,995.0089788275684,3.5718816031475846,32.49300112112118,37.05521289362232
41.30254178446596,34.74684939848804,999.3363257242264,11.543868673015163,16.295724578730443,39.791894504707294
33.83972882495003,42.03548471730103,1006.6559828663566,23.69196294551424,65.88400694456475,30.607792100642857
34.46935131398399,42.52431009668001,1006.512588269798,24.000202759890215,52.66309332452249,31.79339967807384
34.4028829428045,61.28093732314013,1002.9042965262599,18.911261658188657,27.086311729535428,34.132577588288406
25.37944419015381,44.31999726791352,1006.406877725312,14.362451971731877,55.38624813062414,23.894653574695045
24.606470224456693,63.31892300890419,1008.5491336987278,4.964255278082358,49.2707847167238,22.35128756295403
17.6872408367681,55.920617365696515,1016.0047211087207,17.03035137773737,79.5974856566028,16.1235868245671
30.634214219497295,49.71452267514513,1007.1070943829656,10.893851398772114,95.59842693402017,28.807942145226853
19.258244355274705,63.606525803618176,1011.5919288476842,15.923697926909911,13.067050897865595,17.49684019089655
18.24986911047534,51.85746341637173,1003.1255972870947,7.570095816035183,88.39134789079829,16.70073707871402
28.750763971073752,56.42369296541317,1013.1488615123864,10.789468210120498,70.47969382849021,27.181035787691894
23.119436423201382,58.43651268882043,1011.3815726785112,13.149031520534972,69.25535452979048,21.27928280703752
17.00341148142823,53.551402611439116,1015.7923530286183,13.723946640457008,37.43008971424723,17.110276272344503
36.1137925360906,49.351545548862646,1014.4211441620004,15.456059001221737,34.390819546492104,32.77346035805028
37.538237417420035,52.049605168652434,1013.2986206059303,7.945635108325704,0.5639484822516971,34.74627822283873
15.36638462968899,84.63973702532354,1007.11424332208,2.5970088352285803,98.22048746373078,14.916930471789303
10.240225049599996,83.02332520329178,1010.2044530434002,23.373495279298563,60.65058323730488,9.830475036559017
20.75615899293996,65.272034568854,1017.5715803560637,29.424779183163505,40.23286239239254,20.15057233391619
35.52034674178408,54.12075019157946,1002.1313288753748,15.131944978416652,54.37688218921786,34.13210318011842
36.85356371949838,55.021401289448136,1002.3443299917282,2.7320553368892266,4.052703409626246,35.85272919893379
14.426530243713575,83.15008076962032,1009.6328825815533,6.587634182099863,17.365095529166886,14.737393451737978
34.778748837857634,37.038513367268024,1011.7375172123891,15.563822983356783,62.33599249634025,32.64082408353162
13.702533353901742,76.74208546256185,1000.583041506624,21.387809281769,51.426172968362,15.364870080628595
22.482002885008935,65.91722497106848,1007.3271369292802,3.5097655582070075,78.7074822927633,21.381745449289724
41.95550448038131,20.0,1007.154011031941,11.129670254057691,65.8742690445337,40.055466619095434
16.162906343389114,75.31867107905198,988.0624789595688,13.371524451107783,60.14356759793872,19.37677787300283
14.926834642484046,91.54002437623325,1006.0236540966712,18.052049159001122,81.52657043053134,14.372539356401168
23.529610641497392,66.00155389623512,1006.5841395043637,9.594792339197344,6.826310555190062,24.266970855721613
29.829392831035566,63.53468504653248,1006.5573635145928,1.0532971607465278,69.08867964312853,30.020800049640773
39.85282503722411,38.67672153705469,1020.7432284711954,16.348382916170316,71.55907132890155,38.72343230318261
41.386276657057095,34.40415225539664,997.0578153134202,19.873571756198665,27.5163549680011,40.91382109473821
12.228500370924628,80.31884558280709,1000.5783968591585,11.421859767783875,19.564963648739443,12.913463534111889
14.41592055513297,67.57030201118174,984.490237815126,14.836680639145019,21.385247545599917,15.149737707635838
35.303615164671804,36.09955651335078,1003.6717500044327,8.678561394010504,19.81408634319942,33.89741700345931
18.660228872667535,78.073104591987,1004.439208012866,6.07959043691874,52.37821909035946,19.01433551347517
38.31516990420354,50.42174238183701,1003.4102054129917,19.184979763830533,13.562631136582848,40.28765006981633
31.230504231330777,41.786918339871576,1017.9690960553538,14.712470934701226,65.92858614193504,30.94810960811861
13.57903367618167,83.0543916059675,1015.7455577010327,15.432580195813177,10.507825894876955,13.970120219201117
36.64093711756823,41.1749613746779,1008.7007105184057,22.51480603596229,2.68896403102562,36.860247964498534
15.643404160258427,75.03553256354871,1004.6644825181412,4.616103659769989,31.92902424458711,14.751786338924518
23.55185262974892,64.53156280234458,1017.2357070129618,8.135816122884044,19.185972373304104,22.777601010622647
27.66991771389856,62.83342305984164,1007.8221792614773,13.10553344184287,98.86620554100823,27.58710276081849
26.024516770568905,57.9261962975806,1000.6355696497338,8.049807335671307,30.29963006172174,27.631535279634825
31.957213299684813,59.94333667787251,992.553761902639,17.48195574690715,22.206408602551374,31.115223536849857
30.885975515816167,52.690638220145956,1004.0281695549388,10.688205453672111,19.676982349921456,29.958438079224017
41.74534417689776,39.462725123254515,1014.7917925545535,5.052270347519673,37.385290480349035,43.19728616620446
41.98150109517401,27.460722679699714,1028.4888482058877,12.46040172631363,60.584889533157785,39.74011706921166
26.52670088434051,73.80555580334493,1008.5544931157053,13.192371395647516,78.19452750462824,27.989669872437705
13.046370782747648,79.84136175065564,1001.1118003639173,18.542774440274314,36.457624774306844,13.385459157291265
33.290985566998984,52.43205033061227,997.3353131254421,14.751986322031971,62.59709800427894,32.87876627481642
41.253250502930854,22.317300281057932,1012.9675940667504,15.22802473951885,48.205989827938744,39.04315182918256
20.18644440412865,59.148039429380646,992.1184555285416,14.242041788050575,84.64953462533984,20.704914448487497
24.75868434680236,69.00297720048643,1012.953105912644,10.682442350956487,56.90417771584352,25.689599035329444
23.59286159409459,63.085479634903685,1015.3594044563662,6.986466194221148,28.989167187910013,21.821790355074427
11.64541294582174,62.80391334992707,1011.9265150790958,14.021868461615632,70.35872571782559,10.183443748214051
31.512461799150234,57.61324982310272,1006.0230449525529,9.668126638814515,82.00644880229959,31.586977035511254
21.30680624219097,59.754868514001316,1013.0844658819213,23.82875834308711,46.54406567639651,20.10481684554024
35.19884398820807,55.252212104112,1009.5384453401547,21.39527606341253,98.7197238882319,32.98948948586539
36.62784240902356,41.186943078086244,1000.9968854232546,16.42987392646126,87.90968791913134,36.3884215950992
36.279385171131054,44.03254499002421,1024.6537109013752,14.649268575050899,19.695466966549148,36.246430322039046
23.333311937276164,70.59833431968275,1004.8348855835053,11.38428664313176,78.67558721562374,22.14545458487512
20.289461831708785,58.40033657718497,1014.9817707040492,3.1721338805700547,60.09512443497661,19.606708202012243
33.96226494934575,37.81194136077715,986.2324714557386,10.48679443674624,53.48112978078346,32.013721370098416
35.644461882967136,41.74354290651279,1019.4882379450283,12.709800233836797,51.393858657956834,32.99088232687498
25.720238284523717,64.32303688441039,1021.2188737018912,13.606195321112637,85.3411142782429,24.3706470185089
38.576992625161694,28.416342672607623,1008.2685040841397,15.286754569110784,61.087278890344855,36.93248276519967
14.605078274513865,60.47835970284211,1013.0289393126399,18.449311385143794,53.77059850537337,12.428438294068691
38.13020094908673,46.30097604017459,1013.0266366344681,7.15492149814993,4.885990675804908,36.69020388313766
13.0750474551002,71.21735468956868,1002.2149478732334,7.218470749536921,44.830286975855735,11.737008985627646
14.912816705747645,70.23860767330365,1012.9241007489541,22.15599675820211,90.80415620455076,14.179052383560448
27.08288042476673,40.875340168566915,1000.722325771147,17.39687112435204,71.17367293446189,23.4560877355086
12.16059136599728,71.93530800448808,1002.5211876871921,9.264603405066751,5.095397805615343,11.333932186626935
11.689827244803531,77.98921212198567,1018.1424882889107,11.249521817334342,88.39922821510423,8.410758469049245
10.016599813302577,87.9189531316944,1016.7719192163019,11.28100237327571,82.6667221377054,9.84032248528252
23.96213311021642,54.085065660309084,1001.6426204809578,12.221018855969682,54.668421156952796,21.122488381534097
34.78796420135136,57.81646086990051,1001.3978129084907,15.308781645670292,2.240546518228148,34.82508268170355
11.114827208957301,73.40705235357352,1002.189630577881,29.744949222698818,56.24296180338006,12.535470638818573
30.872243406907373,44.770512647302915,1014.5937560981894,13.328295928138568,5.45890499264261,32.08842935056019
36.34007415731797,54.60575288707136,999.0001369727064,16.638187052976754,32.03789596374804,33.794181983916886
15.376027154491876,74.39644184489812,1011.2104137513236,0.1946630566690004,62.890961890273886,15.348469763571824
14.699639514284936,69.26932487219423,1014.7216212957087,8.605700050548155,91.29130838821744,12.383952033514964
37.54563115585715,39.317769774562386,1007.2057909473621,20.601705019016237,35.779563725947874,34.949424019157554
36.339987518403035,53.13160671865208,1017.0905732717844,14.816207739496312,86.00237828834533,34.54022339781772
27.24613652045398,67.22272460234718,1005.2612084745919,0.0,91.83610104005163,28.019478514741074
36.21439613740737,35.95478016659727,1006.0752995910548,16.718162416213378,2.1043880457314312,36.199041224909195
12.968194477583832,75.85664752687057,999.2047839198133,25.427150762401382,23.94278377525315,12.194271995356411
22.62340857404014,62.91731218898238,1017.1545961285818,0.0,70.98622992274987,22.49513655208334
33.609521795403936,38.376272512531514,1001.1013159771902,22.635713729518585,75.68430430795485,29.427278051930752
18.238462698366828,68.10874866616814,1011.1479463594355,0.0,39.24168502170541,17.081568114060435
34.07452526187369,45.63452125389676,1007.3581553958666,18.565992615373894,65.67546127728549,31.75188959832013
26.133715340506043,66.22778858776012,998.5249524319951,11.939459617914318,61.215861736203514,25.890520936210038
34.00851161434346,55.34705838569159,1002.5180717055902,0.0,73.977496160106,33.077932053976824
24.869748411434546,56.30518961654785,1020.4458501513666,15.122964790678505,71.86584277451217,23.16240460468019
21.772938887098164,61.71761346282118,1009.8149178837103,20.05587824406441,8.587079799036134,21.203642895629873
17.014054927316234,75.64395877183654,998.9176469276985,14.547209026751013,15.825018094006094,17.423174963720015
16.66813892592048,66.14969096599921,1010.7479545861382,16.09379345941729,13.2727147259316,17.0498990909248
34.04770593828467,50.33994760338645,1006.6849737156491,9.118267213626568,93.2480069842819,32.87332288598781
13.805131137086736,74.27930795227051,1039.0864176201976,0.0,91.35426483529892,11.761615861237525
12.751435203550244,68.75523033294317,1010.5661145720804,16.84304815635945,79.741226959697,12.227530297285913
15.641323680708165,64.665386959936,1004.5743763764027,24.24827743612407,11.671856067595932,16.417672167254402
15.6110883665255,83.94039143678684,1020.7802512600839,19.90706597959221,57.42714699195859,14.172605337938917
36.33944392982079,41.056434468613475,991.4306744943644,0.0,18.723062608985142,36.27482115611834
22.752211951174797,75.13212542198303,1008.8488814074299,1.3957391495234628,36.83839375588025,24.15290808335825
41.69243063553544,30.436885492754335,1025.9498564521296,6.078225807418617,26.709127663741295,38.6968773878105
14.390760249299596,76.46303924756754,1006.9542064407622,0.8491718410389968,82.89309814874659,16.119579369645578
30.913274422196586,69.31716587196088,992.4002905981673,12.309329436892273,14.445139951927322,29.815297819085075
24.35934423044002,51.21985690855574,1004.4367383203046,14.75391063626366,64.61791686100757,22.934131884712727
22.573381654306367,47.08608060205755,1021.0906623686313,1.9882270173034264,98.38946637761669,19.56067080736163
38.002694369730634,50.18881421418845,1011.3846263668869,17.439899214928698,68.70545832536334,39.25108151271448
41.21906066650879,28.61788919041767,1000.4502950143874,16.207727608140097,7.92334890069597,39.83290825239422
37.931486680773716,39.833693400028245,1001.8328147353888,8.162886126094078,90.7849501962525,35.930819759576856
16.153621729124257,66.88990280915715,1002.9626975596517,10.79234609811211,64.30796776895961,15.21631855384394
17.06553347868589,72.400278703548,1011.250780956486,0.0,45.63109796052035,16.953913306744074
30.994364131042026,42.45388235250313,1020.0437651964479,9.67416490599048,65.96924785411186,28.899283330736345
19.250674612422134,65.64700110892146,1017.4718071151925,12.05169481891228,87.9044330472637,17.754088522258968
33.51120418497855,50.00727654423337,1012.1041096389822,13.181233166597327,47.71272279152493,28.197875447094475
28.12546082590863,46.151610712238394,996.0151971594827,14.652138384141217,53.132148281222925,27.490986726045673
27.629080591692894,49.337160904878196,996.048607374059,13.709692202614006,45.24473992179535,27.137464963298164
36.513501594841145,39.27636001869209,1012.7992681909238,10.149594119140307,7.2591426323665225,36.92891635978806
32.737048695765694,36.10075591732952,995.8907601186039,14.003364597880218,78.70701269273584,33.062719412408406
10.850488479913334,75.8863038417357,1005.9698968103826,19.014223953171737,12.641174364183893,10.72449989039588
11.582692388672502,79.1554683556481,1010.7373540156756,11.33151348683249,39.45700102883103,12.392795349914849
29.249870478592502,49.391296273333445,997.7616540417358,14.223164235821738,38.68228456077291,27.42590808645725
25.558146419912816,55.76967574767262,998.7816389907703,10.696802561351172,28.004079208673794,26.29225036355459
18.325908970975725,68.26821862483251,1007.1529104188896,7.472687584643001,40.25071258944184,17.382774685377036
23.396994794073652,55.828409849134694,1012.5328525877164,15.66015766842323,61.80091103824286,20.81392446748535
34.25313019945153,50.861461737730295,1017.5536689337238,8.113418390808564,31.138731220771177,33.072875610685784
36.45156750905376,53.63305211028626,1013.463480912935,14.703028306945335,17.251193769827644,37.435070081732576
27.959138172481413,50.74420651233836,1008.6629093549298,12.197787600570319,86.93675105072666,26.783946962525363
22.331823387427296,66.50044194005208,1001.2842472179866,9.872457264358998,97.08326498571354,23.3074681499261
18.662296367843425,66.02273302314985,998.3618370373994,9.703000174973376,45.858382387632055,17.65176654873312
26.70139106461611,59.206881716614674,1003.4021062050376,8.443153053090192,32.70197123445858,27.680510306043626
20.071987794060192,78.42185394823876,1011.6894202648251,0.4793917953769036,4.748207777822932,19.680204843162283
28.051044385511133,58.395261985153645,1011.0296133596461,14.680265666131845,3.6851540610053135,27.991817242616964
31.652876240308405,34.91601314107537,989.1008821284739,13.620827776948243,39.28819956454021,31.355631793970446
12.114534749420635,81.06588966491576,1000.9289067455925,17.947691767139457,93.02420183009657,12.36811146188713
10.034158880727912,90.3133795694166,1018.8405679644554,8.279801683852437,73.07085434015644,9.812575552709758
16.792868442903774,68.87757139780472,1008.7129354302373,25.267685378336672,34.926941887077504,15.35389190294942
38.62436792700099,46.95974495479123,995.2469197820732,9.341848365052568,96.8046425182061,38.596278720219864
30.681304423313893,44.99118425697929,1029.2023906343834,5.874232504637129,42.87579032557307,31.146742601735085
15.502731261984732,60.636726393943945,1007.7395244091671,5.0442055611013465,27.67927439746457,14.529254967935742
38.4884467783558,40.32110432204521,1011.4590056338207,0.0,42.63532447243572,35.28650680381993
25.03859008919488,44.64223060469691,1011.5957228044063,22.728395246751894,21.154322698383275,24.590016051360497
25.23493621371714,56.49117438696141,1004.6916408045583,21.597471735380633,88.56387702007957,23.539070656891248
39.93734220296496,47.385591906864825,1001.4518368636075,16.205216140193308,36.11733104176903,39.09374242023925
11.90357414986688,62.461714236722784,1027.0950748655935,5.727378345569541,65.79689644943214,11.196547124752955
16.885704788118993,60.27975368991628,1017.0288528265597,24.67887377091384,38.90471988271636,15.242941499177551
28.744682404951117,45.06395255152826,1015.3974348099781,9.537965869348408,90.17314179639625,26.660987547572656
16.25556830662413,70.92286707770732,1013.1866027254639,10.116819181413433,64.23807517156301,15.399005820527472
31.74486429468665,46.044212487534686,998.9701434867449,22.060813563052534,48.82518902812995,32.61772239794846
16.850953258775046,81.75920882834488,1019.4977717256625,16.612374091366107,13.21429691813385,16.696000697359583
13.173023059162059,83.53390319694859,1000.4118060778943,27.407721971282154,90.19166628522044,11.093510138475798
16.623525108506872,74.85807216121383,1010.5495811833558,13.741055822233136,54.68168682717709,14.692168147024105
23.52748909670599,62.05018332452739,993.2454908508189,9.220784402948926,28.50529729614175,23.879189719225252
15.636425573538556,75.4730211342477,989.6322703441723,7.717365815781429,87.79268918167041,14.243383184155434
14.310144797547114,67.35443120104969,1010.864620823878,0.0,5.44404273944078,12.578651151555345
37.52902035900611,47.44060330789404,1000.7181065952458,10.04982959035657,31.407691732957165,37.79975566656878
20.25271051511385,56.7372157182113,990.0974918583246,20.012153371791662,53.682840120214756,20.739713934335324
21.544277968584115,70.44381289677088,1012.8654855265237,16.191839208592484,33.981433604329304,20.619087147895815
11.768653104039284,87.42459301609368,1027.080726939457,12.14215604592284,47.673425537885784,11.473193720661442
21.435827952065733,65.60496628620939,1020.5060423272206,5.035458893285695,26.431625233098387,21.081168837926526
18.47382967429055,66.8032425005829,1005.684139032609,13.58811112608916,13.008309093289716,19.172183424437627
29.535522154937233,55.375972141818394,1008.0796077602726,19.08969593636761,3.6854138616851717,29.879995578406074
16.572489525517014,48.07774322719495,1015.9893563110552,15.01503479528989,15.76465649121419,12.533412826067496
38.427694498010894,41.697908725767896,1018.0991521785141,13.167146187433515,95.29465140248118,36.072528691524646
39.74933186942576,36.45663680661419,1004.9081785305688,6.421296427031558,57.54031333367384,39.20937947114432
13.194593829657286,75.46281404254101,1008.3075994415211,18.070272698784088,48.89601252779515,12.290833232109101
13.43689460123447,81.16876293139265,1010.7055332608809,0.0,38.43238393057086,13.578674570333398
13.690446019551615,74.55070189913233,1012.9848868825095,14.679919962056015,70.84201459833854,13.791239769658715
29.826216201929984,42.63033165399226,1006.8023120218986,29.99225386661219,14.125947590609334,28.9466319117296
13.903006854707932,73.70941869407046,1006.9192327943813,1.4413862886770712,27.612986765266346,15.860771680558805
37.27623417376852,41.48990432068224,1020.4184909677895,10.310413817090438,65.59021196637528,36.883548108346154
34.13668847801256,46.4212729995299,1018.885686321986,11.944623069126916,47.90643645852279,32.609063845419016
36.23388346361677,43.756223916036234,1012.2966951609247,8.761920301603961,77.00925389590887,34.4829237138358
26.83393686035267,64.40574391183706,1023.4719816302063,19.254619697912858,89.71098439566532,21.68405720753932
41.89367076861291,25.565900961238103,1004.5219881399622,15.307157100487107,82.33725913706562,39.624170134023
11.41360329421316,79.85587887270972,1022.6067610376645,13.066102607831235,18.420771426073202,9.443601854406175
22.840478853955627,72.20074325071027,1012.8826389918199,17.58090792818496,9.147023552697853,22.93885989557073
20.365973406004358,51.59244658579612,1037.4392350999312,12.117254963502196,16.94406005450485,19.012416885498567
40.35665595880451,37.920022305973895,997.2676626589576,34.259051421764596,78.35306916002305,39.583415475110435
28.459550671922972,49.05062350992735,1001.7958927300439,13.059428535597188,91.38310894927105,28.872297559425448
35.79811089423121,40.12705612757991,1011.7691804538049,13.36697468942793,92.54488677038574,33.91169848027684
15.450918197072603,65.35770858852936,1011.5751064768109,0.02672365298707291,29.821578937044556,17.96289178640699
41.316292604814045,33.73496999741609,1025.5512508575753,8.195847708876034,84.03413780135584,39.293379896622156
25.956465500042086,72.09316994035422,1001.9846278503042,20.031643772598667,53.62355350220967,24.01802087139704
25.797506440660666,47.47817277162433,1016.144266668245,2.651802047480892,82.27918483482073,23.614842521558053
41.06831131346361,26.09406857564715,1018.4621670421379,0.0,54.836484238000104,38.87415333015458
22.18343555894864,52.41854187821643,1014.3418304899858,12.226208298313024,14.589321977911817,22.212344007034027
22.720800785759774,75.87418515367314,999.3510329226812,21.595211552324848,7.921955107309742,21.92489211280304
28.712086489757972,49.66875694568065,1020.6698292472878,12.296668600872879,95.72191492093395,26.407787316506724
14.097683537529182,74.35324638780129,1019.0639243818388,9.647127781615595,42.58025564315789,13.316417639117578
20.274740045179357,62.379363405640014,1013.3962606781134,0.0,35.052064489731784,19.311985263522956
16.182666318244177,63.97975081132121,1009.8391291848806,15.165778858915353,35.63030847683104,16.6159413038896
13.305071331425587,73.82644139651741,1010.0349720903994,16.628925762181314,37.8934411475472,13.72005205184314
37.71662740259264,59.97683911213315,1007.2913778698456,0.0,94.49968278943382,38.131734523602915
28.858597316079234,64.29160125947915,1013.7670662082738,19.94172714088053,6.270458740317586,28.057613219523528
21.47752932889316,57.034079930766744,1008.2802136765048,17.359868681244762,11.906128738229915,22.50625574854098
23.07742007573481,66.71833371467801,1000.3632752218263,19.92621159783142,78.96515154818492,20.6946136553262
23.808608117995348,53.82533604757573,998.5626751965517,16.084675642833393,54.94094913401387,21.494671174938432
30.2607738286307,36.91093683771572,1001.2316737171294,16.57577896167923,12.8536757960952,28.136268515301236
39.65662052764779,45.65398757622775,1009.9991901829451,15.645046290912173,3.446013677833637,39.04108959443849
39.848947829023444,46.49976842106441,1007.7573974720831,18.07930625050837,22.42343482792274,40.49327813747623
22.52774334498123,70.70319015816042,1009.9380941395988,0.0,26.081073771027107,21.8169464220294
20.536398707128626,61.46329988090691,1012.507318201915,1.4925839646493984,1.4213029574641989,19.92427083427369
24.43348800592816,58.237236519388276,1002.354111666748,6.847944698671598,21.609053833719337,24.07023181362476
28.173895373711762,60.14597613738293,1021.1909415151081,11.091258798292127,73.83189369523997,27.4426301894706
24.778173166391944,62.20361720751654,1005.5906025565728,14.716958463157255,85.54336896370037,23.17801646317309
31.08010911413443,46.784742014128724,1004.0991571369664,14.27277157260195,89.82358297697178,29.036363931163525
27.740768748152437,41.82331075423365,1012.341476135992,19.81974068019222,38.99140326435434,24.82027336480362
20.262897494210435,66.52980018653098,991.4714081786243,20.03946709006246,31.941372590355765,19.69957100050392
21.063385784404243,73.09016772650276,1000.8851899524938,5.89330424194345,99.98608482078876,21.871699938547486
22.11496920191139,53.35258834495523,1016.8296551882265,13.670032770353298,76.93404509215888,20.70458805814925
13.028472583980438,81.21878980663618,992.363202638441,6.065179165947132,53.735208090755435,12.589409102427298
15.31400423724714,75.4470274170612,1018.0581677723984,10.682270731525033,25.477143268939663,16.458510225519717
33.13964166865236,52.94870568631275,1021.6002290972322,14.252539583339463,32.13054528851047,31.267982833972585
22.45109476870656,69.42171658312755,1004.6749019595862,0.0,51.53643488293872,24.013525591482928
16.865247121924597,64.98966973780651,1010.6263149068368,28.87870827747779,54.208291979075064,17.53707996436709
28.005517138395433,41.45632494800705,1018.0717837636593,15.964860741782326,1.367864427367782,27.077844915536645
34.17726535914967,41.17480902376994,1003.7988973076083,7.8300770721061586,95.94000852714744,30.888193256507932
18.237515595051885,75.66862092739082,1015.8099796847356,25.491588286611595,57.56062473515635,20.078706481704934
36.45727622155982,37.80091825053049,1001.9596608438239,9.56798180659664,58.91582444091333,35.82422874999701
39.68015550800159,31.91142792253656,1003.7015793600013,12.927635700796404,21.14711337538192,38.37825869568133
29.116624930362903,38.21009111557668,1000.8059718210752,8.59018932721661,76.49871788012479,29.023413669793356
31.406325087730547,63.48200905919822,1011.0838247927533,23.563942862103374,73.72645200918427,31.044336395261684
11.682431690337772,84.6661831804127,1018.42172147309,11.265107055858838,9.515797340476407,13.315490543062493
40.25663651270101,42.78704490678166,1006.3429836109456,13.046388705176565,59.499437225992025,38.2656626191665
22.5595114964782,70.0305114243424,996.5587575607884,20.426475071178125,65.81937453298798,22.560376817111376
39.564812817453756,42.24468830703927,998.2556385994186,16.095976202227536,83.55681745738774,36.87152901672742
28.527280792007762,51.680812010152515,1011.5513947923349,11.619563544061496,20.609117891771067,28.66314199092497
10.147801562986484,78.975574900692,1024.5970477205485,19.77273680650224,87.76347968064059,8.729688803047232
11.233343978349943,75.29113631465557,1011.5435249938296,29.769382605995663,46.148107170759566,10.864183945059434
31.773401781437503,70.00649345223562,1004.5179310441388,14.22187314159595,9.65236193056448,31.722994802874464
28.00537644262186,58.83950040859384,1014.8956557016526,12.817320615107965,10.562122151087594,27.201372181687837
10.849037990594379,75.55849138282667,1005.8445122797193,13.194389585333571,19.780445367316958,9.921700579613406
33.79071875911633,49.72743199261156,1004.5954330437221,21.173006505820624,28.27507059853085,34.00616569573528
37.26865078621381,32.873505017139436,999.3738680487427,7.805615854769544,49.640580445979964,38.06885982328842
25.885359438057865,69.50228256352992,1020.6760395982172,10.051777082018372,74.875119774456,24.056819660746605
24.90423809143216,53.600302000966245,985.147128742539,1.2378993561135108,18.67259020194323,26.0869914705994
10.17513948270808,84.25473121105301,1015.1807328025134,3.7129249615201836,99.26517944995365,9.91578766178192
35.17279079979518,52.52727437824206,1003.8262955598221,8.375399981114207,16.15219317703126,34.922186170491656
20.582914135875374,68.23292285662065,1004.3069334169355,11.608441041577041,59.937796772214746,18.282874157645523
38.12043583304127,40.481127976647265,1023.2308364050604,24.383583280390837,92.894043587134,34.10883491485499
21.937938801857698,63.27640541615446,1001.5728201701995,15.75194963447657,83.25074228768271,20.15007788904992
28.082493140182578,53.82885617163841,1001.8793776137443,5.615450428671443,64.78892016631599,24.822085509994295
18.65093722237848,63.34255311613119,1006.8264518497242,6.904136602451193,71.54929967908986,19.607346056434952
15.138826002717398,69.45283485790213,1011.7246264723101,21.62324078261458,13.420562670536428,15.260763736516257
34.797052908202495,56.380996272313865,1004.0232979593642,19.886272440404348,0.966305376024823,34.56526055991407
25.89089532308101,56.589908720051284,993.835269625177,12.197049371569422,43.41487843603728,23.057600191159008
27.167613560072024,49.32059018283338,1000.2087163720641,8.902314741228174,8.951892633830305,24.842013838648064
40.893310511415535,31.574318983555408,1019.5320047081807,19.8745298499325,35.77525619128244,39.11419404379957
40.834557191108914,44.59285751846986,1008.6729911022196,5.046710112927195,22.37427935697376,42.556079764757364
37.38054789447691,46.203058618324306,1012.0597855533345,14.744212786402661,91.63467223807427,34.81514693350848
16.003497368481074,76.27756224156049,1005.6472091354426,27.90861293625332,88.00559990080575,16.095919490412292
29.016726217650557,50.86557739312836,1002.0645207344405,13.437489775760202,81.89428485310084,27.3206183033625
38.1007175889772,44.34085925736663,1023.0981250488787,6.57073364516877,71.39442984139876,36.39708544113743
21.982845966366007,57.97638434916411,1006.3062732865403,14.872580918700764,15.407192910402701,23.12156385727627
13.235397309938719,73.73176164982266,1004.0096710842558,8.709938966892567,4.8367426199151575,13.21339109419243
35.9508128716775,50.629757235201595,1017.8652812971981,2.241189093726099,65.38878578546925,33.843139234380345
25.416433643589492,65.14039264814775,1001.4987567701935,16.90725218810475,64.22581371750992,26.524131333790127
28.060565771493714,46.45690086372769,1002.647453906034,19.824840803848055,36.9424284754481,27.288840515537387
41.42861748217102,28.084293027583414,1008.092220156152,9.823653295491992,47.26866664355971,41.317893452057106
29.430765775810308,53.195006847582334,1008.0024309367936,9.359350281326087,48.914938823798934,27.80780962120101
23.599340341315244,74.59001550244898,1010.3365021311289,5.269042262147193,23.992813274650636,25.312565685025668
21.83949977111033,48.00820401613807,1026.8250218045594,10.950450796727033,31.41666119075859,20.760073789165546
23.36381736492946,63.34912833741632,1011.0262342171713,8.063421319537664,41.83895546635016,23.341163477873582
13.7887706617174,63.997935887924584,986.5975143352427,4.922771193077211,60.31790299115898,14.10833651352773
35.4320178693623,38.548926141220306,1010.9366904908841,25.24518181279724,95.58192060173924,32.70999055746484
36.806939461985316,38.714510435607366,1008.3409199504064,15.26544971724655,53.848460951903995,35.464891025684025
19.100708306349084,63.939906208298694,1008.3910502191632,16.006765756205468,73.11639095432015,17.61389244323506
19.72149178911821,62.13346938850492,1010.2135257845655,18.18379698252699,80.70011023955533,19.67810072798464
37.97869620271402,39.98854698907563,1007.7418954109268,17.39725351731864,11.35081213085536,36.91941462869408
10.767051376894575,75.10573097045824,1007.5264911625015,9.108230330422996,65.3124667553941,8.542761040103453
26.654638200551286,44.65111553036741,1013.517397887937,13.90786836080027,48.21107202544245,23.35862418594582
24.837622869808033,65.22440373896056,1003.1212728252494,10.116786610175378,57.24309422478922,22.322907341933185
32.084056626510716,54.50109522875051,999.4708229792474,15.069245373436619,3.841693576904459,32.794323372375835
15.228534404782543,79.66401959324666,1035.2140330736015,14.39183620170715,90.62157365473851,12.164326627901932
31.38658370544492,37.16357765699221,1001.5572830059689,9.321378173950587,95.27841495754501,30.215145386045446
22.055488251996046,65.41088725527894,1008.9012862121407,2.694908939547405,0.3481923684611754,22.395418167609407
29.798872901428545,57.199465139384,994.5390577421217,13.023659398758554,21.27915920415109,29.757566415419685
11.28304031592883,70.38997499438652,1009.0482157354628,10.570113585348908,18.019417370894995,11.750693331119116
24.7752703099043,59.149244036095794,999.600970043796,0.0,78.13045172798513,24.425366283046642
26.712028607435908,55.33742535673501,1004.01774351435,15.553632382221021,59.80800591118203,22.610506073200728
16.85844489135957,85.29246017607473,1017.4055819919402,18.75739478569943,17.733366329673174,16.34777723492668
14.467956933731863,89.4174307421894,1012.2480861154027,29.698495326462652,81.39709553188604,14.178495386864661
16.031177696393645,58.43994119358761,1013.1156857211733,9.261617476755372,35.347487180574845,17.315587638149772
21.012514498027137,84.48327002368457,992.0591564544733,8.229016724156526,46.085687629310236,23.630124360025142
13.097924777759086,68.68620330302274,1024.5320565284612,4.234052786925311,38.73066053206454,10.684696388986772
40.31423346334734,44.389747832765764,997.2730682015231,13.46049334540905,52.13802064412295,39.13680428499101
22.959809967866153,69.47225939350393,1021.7570473286448,13.416227263908485,48.014246882872534,20.143118966406764
35.88702728021597,34.998288628952395,1017.1938947938334,6.320925656492756,27.458400266244265,36.44578280327591
41.18134793948309,39.233187838462314,1013.1959946760621,10.775490825973119,42.45560374938403,41.117319191700616
12.583528960087651,75.89361305374439,1000.3051369718246,0.0,90.83371498543002,12.705890376828048
30.85342297391981,54.697176724875405,1009.3643086033757,18.484637234832725,50.289413647924505,30.061218990433716
37.88509077571885,41.91199679425267,1003.7617073041963,6.605245182294833,91.63864104223755,38.14443015455951
30.295501886935305,60.64223814690578,1008.2613561435476,11.757405540109145,55.012704781796465,31.009214852192432
23.728835883437206,61.19638431418455,1005.7511496682299,2.0131460509155463,76.88172932641588,24.393291508057647
23.794443444414025,59.15506445018917,989.6525054408484,7.923524803768986,29.359130965971293,24.59356517891828
11.148764352235485,87.602805553716,1018.0960573588613,10.04286192537731,79.04134900444079,10.062130821391163
27.10722404125681,60.33769285904645,1007.2700355910557,11.92096407127419,26.432161298498556,27.65500162660217
41.79337589717912,40.254112103657384,1003.6367964044798,15.358127608657583,1.9549971642973007,42.256784848992496
40.67864083110189,30.699277416833493,1002.9570549045321,22.07352558440354,16.072894317769304,39.42866268902126
11.292775322949222,70.26337353053583,1011.2261361873009,17.128976599385496,2.1652875032036834,10.805641163228614
32.585504116143625,43.20924188557014,999.9561929553497,18.735151802023715,94.70626418914286,32.45853643060934
19.656475734301786,61.53153909981771,987.7034199737336,22.122728769601967,99.99770204176941,20.92890230088601
38.895652908996375,44.89089743117857,1011.6641682288745,15.987955170658882,76.22302636195207,36.41294501025223
11.443671862696913,86.21454820144189,1012.6719269816114,11.743049630667032,10.812816375158762,11.40333742298508
39.94797126435458,35.83439935042666,1006.2033135779013,19.06378334378539,89.89454603326496,38.53095231204701
36.79922380120886,53.08847763884197,997.6688741232899,19.511065001731595,74.37761832661045,36.453213355212604
13.760140232083248,85.99555181360033,1008.8004198680036,16.539960865762247,33.22445154020879,13.183761986887353
11.914378794153574,79.67134207968162,994.8192086851777,1.8176068207472795,50.22779118089321,14.617264381633078
36.71064525846195,35.194430202885854,998.7549246298111,6.109778928337468,66.17593412619689,36.14151073992048
14.98424547118654,85.87585726226384,1001.2437185714625,10.076021271786612,2.405047567327123,16.420042889206528
27.116740895227856,55.192586893692344,1015.595451638024,17.457347145151296,50.15409120998952,28.050294314920833
39.303835452118705,39.018760165875676,1004.7365014460678,11.850575066506082,73.23954332549852,37.387468084256625
28.158339633578347,51.453567326458845,1003.9692022940119,19.958080434153942,18.82253718963328,27.519522590628295
22.71146564713037,54.950052201283384,1025.5922326387013,21.20665640120997,44.379057347933305,19.676233631584978
24.24051375532775,48.10213961225243,1011.1721624746984,20.394193280740446,53.253012918493326,22.74408935824007
12.019749462523873,82.63430986779869,1011.0509505942734,20.438783951362005,73.55653719592323,9.566534352221238
41.000074283571166,29.282683857648845,1004.672693293121,4.741042667388973,96.44537107931075,40.12833311882022
19.94093392259465,90.56189564421234,1002.632654991269,15.37844849619043,84.82755480042916,20.22709175855296
16.059631733531322,63.024945325479756,988.3223420398457,7.747296713312086,62.15184202299502,15.731216781711911
19.15351365889265,57.16834539475471,1016.718664787312,0.45653568048561155,58.36406748348093,18.073474124773664
40.859942236527324,39.83419348194291,1012.0347873518074,9.987702075609146,60.31866930726707,40.34973654544126
13.017153711616224,88.35963494989483,1006.3875060610793,21.27315875939076,54.51786426597738,11.50749534009718
37.7536972960378,40.77385617629096,1006.7649596834736,15.225194070829245,5.936288025892356,37.340982602880885
32.65100462084633,52.23398266127102,1014.6252983603495,26.124665601241244,69.82963945882051,31.88118085818818
36.5606137330889,27.23873074735142,994.0076093422813,13.24061101687678,71.6336800129603,33.11965162344484
41.228721291772686,29.79826176139547,1002.6910680160157,29.134619275150353,51.248036226702745,40.467016480416305
36.948948976539896,32.83509815091662,997.7732742339672,13.24264857861936,87.0387605402543,33.46105407531187
40.18823524089129,21.566692101124584,1023.9435835423807,12.157362073076154,67.24368027566786,37.62750705819086
14.061928217309433,75.54604595709242,1015.8808997866797,3.0442693845495263,36.2664657857017,12.41368411043837
35.46523408534304,25.632789603369126,988.1757662297817,19.773939182049375,1.969435359863425,36.76283377293768
27.46162221059353,44.60308006593979,994.3761453602402,8.485124097416648,5.916164649768008,26.066262650100082
27.39185904255554,50.984254036187124,1006.8088889397826,7.470666524138911,35.17982616417863,24.79629649880473
38.765490442256436,32.139752171119554,1003.7480380913482,20.968613946338003,46.21053251986829,37.57086404198031
41.09772219669476,38.57957083244914,996.080560127308,20.1075586815717,16.687111950842503,40.04576688734682
32.55482633738179,50.24014334601624,1025.5028601388544,19.924359570474753,18.93283064226321,29.431871101799867
25.454028463097085,65.24204869599288,1010.8128592258432,9.464662061615131,23.02113587793363,25.795990298933937
24.60492345285905,65.34193085505581,1012.2733469057678,11.64316894286324,78.05133395762726,21.177912659130893
22.362926631141818,71.70025869973541,1001.7718654569101,11.58101921612904,77.12878409517714,20.620924885511158
21.571168946325205,63.70645782775602,1014.500467324602,17.477627264706786,38.29389854137788,20.096928037891832
22.528218933901805,64.76181775237575,1004.5761051511619,22.87495267945961,17.236438158439583,23.236181161875155
12.872103528038249,80.42755949969808,1005.4499114366325,14.57702588638885,11.090838506346923,14.756131127633182
12.477954728334023,78.04021922304388,1013.4990176384273,25.824237597501508,8.712931204717322,13.615441837146614
34.955835003913975,41.13648476498815,993.3390219144572,18.28036092623143,39.12792508993721,34.139871209726586
24.274332573447236,57.142677493783346,1022.3732507386588,10.356404241199073,4.55424333211194,20.670999644857645
39.78190363342786,30.775772544889882,1009.6415029325149,17.800979842902823,33.3635037126335,38.86708928815051
29.59107227500648,55.46587984051925,1019.5284978790238,23.941581950961414,96.15332425411374,29.37912196615649
11.125631429901432,78.11571303396168,998.3212221904306,25.98802288338934,50.75046156100387,12.446040017828631
15.040746922159343,67.88552695777483,999.6915138837462,20.308239412193565,82.26446568351889,14.856499024243348
16.586233376416242,65.6520030495997,997.5428980056017,12.179721175605994,12.926594589539908,15.416774589018644
41.223552780469134,25.542658646057447,1010.2526790539836,10.483147221608556,26.807878240970485,39.26751588649644
16.998535236852316,78.18285463646174,1008.5938497172642,16.032486524929737,94.65464445440088,18.453458650252877
26.50418164121764,57.19787797648872,1003.8202936269194,23.717821466897323,38.35518969340236,24.11815980936574
39.95766181248628,30.158990215308734,998.8733772640325,15.03638385550116,64.84061284483224,37.2299166263104
41.27016735725944,41.62663932878996,996.6006335724225,15.181723103081676,97.61267791625895,41.02124987599216
17.563533932273426,65.04928531984855,1007.5636448957641,12.359784980219645,55.07877563307355,16.429225962910426
11.571764600001284,66.96893631390029,1003.8097189837026,9.704762561581513,30.53459492287359,10.058440831590701
14.915258641208272,81.54265328400106,1001.8295370687756,10.865058453492576,53.19484559520623,16.79444739106343
12.026511318481859,73.2647826716724,1021.9238053751844,12.94798189671871,5.463719933085931,12.250436557578414
16.243975714954765,68.17504249164527,1007.2590688962654,24.026699973678756,11.236987409269117,15.573798520186546
28.194230870519533,54.4478054005401,1019.4303864053423,10.322003550284387,0.7171105052269922,26.21103128829879
39.19836148146054,47.30308963420315,1003.2007303558557,12.368284531379665,88.42100415650043,40.34711986504975
27.19100427821888,55.73334212351312,1010.2029865541879,5.942356377154439,67.12804288995956,26.190392189945914
30.031665814370584,41.86114756000081,1007.500715853693,17.016417465312088,29.83297651327481,30.733171890919827
16.459752051505316,75.48437555821474,992.7213992143369,21.56675425102798,22.11614192073046,17.925377441922954
35.618675861563204,39.47300220663956,1020.8550447563753,23.37148492169729,68.30766011577799,32.91511382628029
29.769245072178663,66.93798641757667,1006.7836175367082,13.423551672869973,91.95320647852824,28.149676372991554
37.6523785341672,40.39509334947444,1014.7177639766967,16.020479982954647,29.91390910521107,38.14037645728466
40.36297942418509,20.0,1001.231741497846,10.925147744809735,32.155910938678176,40.89736568023374
21.132824824210953,67.21632378213951,1006.5164005657821,15.696130757861658,85.42407251937729,17.930240503743153
12.89852987313406,91.85391402203744,1000.1983287606898,14.1977560674945,89.33758158837523,13.425061941964078
17.22972665333704,82.62425866102441,1019.1239863448706,12.407850710760412,91.40365668297785,16.06535063913442
24.01093010162679,74.83178566269368,1010.8026841270561,12.964275845939905,29.31542080066948,22.583500988386014
40.26219685838315,28.461733072292724,1011.303481740128,15.163455983755542,12.03125675963489,39.379896349123406
22.10591431594929,70.24364340968776,1020.2236573239448,9.94093295608105,43.99975719985421,19.732727366062026
34.66474283729184,38.96016656803314,1018.4070716720912,10.302522455453767,29.576486514118105,32.799389825026566
27.29525414946416,57.21619667861236,1014.8880828252265,23.951534095700875,88.38666668118358,24.659640074325758
15.84988065379125,61.83405362208483,995.2044538766628,30.97382738192468,3.6634941803544874,15.267335768634075
20.26349180651045,60.462290761498124,1001.7388879243498,3.569431360261694,63.38804696362723,19.708507477753038
30.902140320730197,44.78192295603229,998.9650067758978,3.1837015693675887,90.61813657481139,28.599508896041648
31.53130862991659,56.46804472776188,1014.5478032426322,5.299930205342951,97.6670366806066,31.959248285403017
23.912311897889477,66.7329007214175,1009.5358674757505,11.276981094730115,65.01305992980431,23.760676555483805
17.31665928518767,72.10540187112446,995.4853880973246,18.2704635772608,94.992295702238,18.867005489800334
33.10101694440564,36.20015408616873,1006.3013020828989,16.138770594337903,7.565946262506729,32.11709003491661
15.403937331606873,70.17117539757227,994.552988978531,13.204217957463278,35.92783459962398,14.92650420911124
39.973430139684055,31.06959443391631,1007.5215916073722,15.702548828705293,0.8714697326733689,41.20890951595679
16.012914529167254,78.7386799862634,993.1016474641153,7.155396903601414,98.11837721908184,15.127934508837212
13.433995610640654,84.94618518710853,1012.7594474404615,10.291140597731667,90.27264787666992,12.533606848236056
25.924726475692122,65.86023129849349,1011.4016636343067,11.859338161369422,2.8052556248201355,26.69409976914801
26.62558713951021,50.35114329237403,1025.1715364401218,0.9104856278970317,1.8132650459765975,24.384943054604694
26.262173272903834,35.00358377597361,1015.6308596054761,3.870828566941828,36.69694941063661,25.8386980957313
23.973359658842863,46.102933309637415,1004.1937716975975,4.149037571056387,25.85379667909018,24.199239225137312
41.83407657054747,45.71360479736384,1015.3626308394704,17.34875756578642,84.69322772425022,41.538818623870334
25.56097960545862,54.72654005752641,995.4210250714934,13.717484640006914,16.04844032718623,26.62296462556032
25.29429058367459,52.31748170755094,999.3377465668702,16.2774284005176,79.06494627008573,25.848607453525645
23.49651400686596,74.07133703753424,1010.998282788676,0.0,55.44596999906632,23.070499614601772
12.138424150446813,87.52056454575873,988.5757530352687,1.6150331976387768,37.73917714049878,12.11414180216442
28.974612196787714,53.18240209001611,1007.6655529355951,16.64250808179547,14.571976173337875,30.998431533639952
17.294968711141838,67.57507064033254,998.8176303709342,0.0,99.7691305959671,14.901464108389485
30.403487367329596,49.858133614867086,1008.9117634963794,20.57240550319863,61.79861209215367,27.419326646516005
11.626670782351269,79.95862975269038,998.3003727775746,0.0,43.938223256799425,12.741018448482425
41.40438724009606,47.76401675241759,1011.8182332370967,17.90341424347485,37.11275565527317,42.2722182291751
25.00816252840551,62.11790372770982,1008.1739468130065,5.779907626701261,90.57282306308552,24.216570784202375
38.69617189090235,44.69878302250473,1020.603293251932,19.342326006201077,82.11918081907609,37.86309860434945
25.217957543453913,67.7881224345532,1008.0606108069146,34.457126397415465,81.11857883682238,21.546924731914032
11.930586194375095,68.34324200996076,1001.0822147553469,0.0,61.619847296239286,11.167397606014738
36.31083347500182,48.388186601039706,1005.7780272975544,16.86764003502454,88.79565826958017,32.6054043961761
30.7418793493483,48.06772490615208,995.9018724268494,0.0,29.92783721220704,31.56936604039028
35.01622552236624,24.097711426386823,1011.655235292349,14.987382455522528,70.37061351632893,31.144837234491526
23.701435632283946,43.60756199730179,1013.3086522168375,10.552594855136743,40.44477423918925,21.022155241125272
30.413975815892638,42.75479417480619,1030.2227643302353,12.908476257232904,59.99988085596921,28.994528021756416
37.399328121491436,45.02076005257807,1002.4034760845603,5.6181960657023415,99.81530006126928,37.32100355234969
30.1940941719004,52.12895997346679,1005.5898488369234,17.4637877664755,98.45247806753183,28.52013381546275
21.125556314748906,65.8428770010194,1002.818173280056,1.861495134207333,51.261901646744825,21.613549447725973
31.200947019718395,65.36617468290186,1009.909023310181,20.69146084029118,57.38634521648246,30.977548933459286
